Div,Date,HomeTeam,AwayTeam,FTHG,FTAG,FTR,HTHG,HTAG,HTR,B365H,B365D,B365A,PSH,PSD,PSA,MaxH,MaxD,MaxA,AvgH,AvgD,AvgA,B365>2.5,B365<2.5,P>2.5,P<2.5,Max>2.5,Max<2.5,Avg>2.5,Avg<2.5,AHh,B365AHH,B365AHA,PAHH,PAHA,MaxAHH,MaxAHA,AvgAHH,AvgAHA,B365CH,B365CD,B365CA,PSCH,PSCD,PSCA,MaxCH,MaxCD,MaxCA,AvgCH,AvgCD,AvgCA,B365C>2.5,B365C<2.5,PC>2.5,PC<2.5,MaxC>2.5,MaxC<2.5,AvgC>2.5,AvgC<2.5,AHCh,B365CAHH,B365CAHA,PCAHH,PCAHA,MaxCAHH,MaxCAHA,AvgCAHH,AvgCAHA
F1,2024-08-16,Le Havre,Paris SG,1,4,A,0,1,A,7.0,4.75,1.42,7.84,4.94,1.42,8.0,5.06,1.46,7.41,4.86,1.42,1.62,2.3,1.65,2.36,1.69,2.42,1.63,2.33,1.25,1.95,1.98,1.97,1.95,1.97,1.98,1.92,1.92,7.0,4.75,1.42,7.8,4.76,1.43,7.8,5.0,1.46,7.3,4.73,1.43,1.67,2.2,1.71,2.23,1.75,2.3,1.69,2.2,1.25,1.93,2.0,1.95,1.97,1.95,2.02,1.89,1.95
F1,2024-08-17,Brest,Marseille,1,5,A,1,3,A,3.0,3.3,2.4,2.96,3.37,2.51,3.0,3.65,2.55,2.88,3.4,2.46,1.89,2.01,1.88,2.0,1.92,2.02,1.87,1.97,0.0,2.1,1.7,2.13,1.8,2.14,1.82,2.1,1.78,3.25,3.2,2.3,3.3,3.34,2.35,3.4,3.45,2.42,3.16,3.32,2.34,2.08,1.82,2.07,1.85,2.14,1.89,2.0,1.82,0.25,1.89,2.04,1.91,2.02,1.91,2.08,1.85,2.01
F1,2024-08-17,Reims,Lille,0,2,A,0,1,A,3.3,3.4,2.2,3.36,3.38,2.27,3.6,3.63,2.29,3.33,3.41,2.2,1.99,1.91,1.97,1.92,2.0,1.95,1.95,1.88,0.25,1.99,1.94,1.94,1.96,2.0,1.96,1.95,1.88,3.0,3.2,2.45,3.03,3.26,2.56,3.03,3.4,2.66,2.87,3.28,2.55,2.1,1.73,2.2,1.74,2.21,1.86,2.07,1.78,0.0,2.1,1.7,2.14,1.81,2.14,1.85,2.07,1.8
F1,2024-08-17,Monaco,St Etienne,1,0,H,1,0,H,1.48,4.5,6.25,1.51,4.64,6.26,1.54,4.9,6.5,1.5,4.64,6.1,1.57,2.38,1.59,2.45,1.66,2.5,1.58,2.42,-1.0,1.75,2.05,1.81,2.09,1.82,2.1,1.78,2.08,1.36,5.25,7.5,1.38,5.55,7.85,1.4,5.7,8.75,1.35,5.43,7.95,1.44,2.75,1.45,2.89,1.48,2.91,1.44,2.81,-1.5,2.0,1.93,2.0,1.93,2.0,2.01,1.95,1.91
F1,2024-08-18,Auxerre,Nice,2,1,H,1,1,D,3.1,3.25,2.35,3.22,3.18,2.45,3.28,3.41,2.47,3.14,3.21,2.39,2.2,1.67,2.23,1.71,2.25,1.75,2.19,1.69,0.25,1.85,2.08,1.83,2.09,1.85,2.09,1.82,2.02,2.88,3.4,2.4,3.0,3.47,2.46,3.06,3.49,2.57,2.97,3.3,2.46,1.98,1.92,1.94,1.96,2.11,2.0,2.01,1.83,0.25,1.82,2.11,1.82,2.13,1.83,2.17,1.77,2.1
F1,2024-08-18,Angers,Lens,0,1,A,0,1,A,5.75,3.8,1.62,5.66,3.96,1.65,5.75,4.15,1.7,5.35,3.92,1.65,1.92,1.98,1.9,1.99,1.94,2.01,1.88,1.96,0.75,2.08,1.85,2.08,1.83,2.08,1.85,2.01,1.81,7.0,3.75,1.55,6.84,4.04,1.57,7.42,4.1,1.61,6.48,3.93,1.57,2.1,1.73,2.03,1.88,2.2,1.93,2.03,1.81,1.0,1.87,2.06,1.94,1.98,1.94,2.07,1.86,2.01
F1,2024-08-18,Montpellier,Strasbourg,1,1,D,0,0,D,2.0,3.3,3.75,2.12,3.35,3.8,2.14,3.69,3.86,2.08,3.39,3.64,1.98,1.92,2.0,1.89,2.02,1.93,1.96,1.87,-0.5,2.09,1.84,2.12,1.79,2.12,1.84,2.08,1.8,2.0,3.5,3.5,2.1,3.63,3.6,2.12,3.65,3.81,2.08,3.53,3.54,1.73,2.1,1.72,2.23,1.85,2.23,1.78,2.07,-0.25,1.75,2.05,1.83,2.11,1.85,2.14,1.79,2.06
F1,2024-08-18,Toulouse,Nantes,0,0,D,0,0,D,2.1,3.3,3.7,2.11,3.29,3.92,2.13,3.5,4.0,2.08,3.3,3.75,2.2,1.67,2.28,1.68,2.31,1.72,2.23,1.67,-0.25,1.84,2.09,1.8,2.12,1.84,2.15,1.78,2.07,2.1,3.4,3.6,2.12,3.34,3.87,2.13,3.43,4.1,2.08,3.33,3.75,2.1,1.73,2.17,1.76,2.25,1.79,2.15,1.72,-0.25,1.84,2.09,1.82,2.12,1.84,2.16,1.79,2.07
F1,2024-08-18,Rennes,Lyon,3,0,H,2,0,H,2.35,3.5,2.9,2.47,3.38,3.01,2.47,3.76,3.1,2.36,3.45,2.95,1.8,2.0,1.86,2.04,1.88,2.1,1.8,2.03,-0.25,2.1,1.83,2.13,1.81,2.13,1.88,2.03,1.81,2.25,3.4,3.1,2.35,3.45,3.21,2.44,3.58,3.21,2.33,3.42,3.08,1.95,1.95,1.95,1.95,1.97,2.03,1.89,1.94,-0.25,2.02,1.91,2.03,1.9,2.06,1.91,1.99,1.86
F1,2024-08-23,Paris SG,Montpellier,6,0,H,2,0,H,1.25,7.0,10.0,1.25,6.94,10.85,1.26,7.8,13.2,1.23,6.93,11.18,1.33,3.4,1.33,3.43,1.35,3.52,1.32,3.35,-2.0,2.04,1.86,2.07,1.82,2.06,1.88,2.0,1.85,1.22,7.0,11.0,1.23,7.15,12.02,1.24,7.25,12.5,1.21,6.96,11.63,1.36,3.2,1.36,3.25,1.36,3.55,1.33,3.26,-2.0,2.02,1.88,2.04,1.88,2.04,1.94,1.98,1.87
F1,2024-08-24,Lyon,Monaco,0,2,A,0,0,D,2.5,3.8,2.6,2.62,3.73,2.61,2.62,4.02,2.7,2.51,3.75,2.61,1.5,2.63,1.53,2.6,1.53,2.67,1.5,2.56,0.0,1.93,1.97,1.95,1.95,1.95,2.0,1.92,1.97,2.63,3.8,2.45,2.79,3.73,2.49,2.85,3.87,2.61,2.71,3.72,2.46,1.5,2.63,1.54,2.6,1.54,2.69,1.51,2.59,0.0,2.07,1.86,2.08,1.85,2.11,1.87,2.05,1.84
F1,2024-08-24,Lille,Angers,2,0,H,1,0,H,1.36,4.75,9.0,1.33,4.72,8.77,1.39,5.13,10.1,1.35,4.87,9.4,1.98,1.92,1.96,1.84,2.03,1.93,1.96,1.87,-1.25,1.85,2.05,1.83,2.0,1.89,2.06,1.84,2.01,1.33,4.75,9.5,1.36,4.96,10.48,1.39,5.3,11.0,1.35,4.92,9.81,2.07,1.83,2.07,1.85,2.08,2.0,1.95,1.88,-1.25,1.86,2.07,1.88,2.05,1.88,2.11,1.83,2.03
F1,2024-08-24,St Etienne,Le Havre,0,2,A,0,0,D,2.1,3.4,3.5,2.11,3.45,3.71,2.14,3.56,3.78,2.09,3.41,3.61,2.1,1.73,2.15,1.76,2.18,1.8,2.1,1.75,-0.25,1.82,2.08,1.82,2.1,1.85,2.12,1.8,2.05,1.95,3.4,3.9,2.04,3.42,4.09,2.11,3.45,4.2,2.02,3.36,3.95,2.2,1.67,2.23,1.72,2.38,1.73,2.23,1.67,-0.5,2.04,1.89,2.05,1.88,2.05,1.9,2.01,1.86
F1,2024-08-25,Lens,Brest,2,0,H,2,0,H,1.8,3.7,4.5,1.81,3.71,4.69,1.84,3.85,4.9,1.79,3.69,4.55,2.02,1.88,2.02,1.87,2.04,1.91,1.98,1.85,-0.75,2.06,1.84,2.06,1.85,2.08,1.89,2.01,1.83,1.85,3.5,4.33,1.9,3.56,4.48,1.93,3.6,4.6,1.88,3.51,4.37,2.0,1.8,2.11,1.8,2.16,1.84,2.07,1.77,-0.5,1.91,2.02,1.91,2.01,1.91,2.04,1.89,1.98
F1,2024-08-25,Nantes,Auxerre,2,0,H,1,0,H,2.25,3.3,3.25,2.25,3.22,3.22,2.38,3.54,3.33,2.28,3.33,3.19,2.1,1.73,2.06,1.74,2.11,1.85,2.05,1.78,-0.25,1.99,1.91,1.93,1.87,2.0,1.96,1.95,1.88,2.55,3.3,2.75,2.66,3.39,2.81,2.66,3.47,3.32,2.47,3.36,2.93,2.0,1.9,2.0,1.91,2.02,1.93,1.96,1.87,0.0,1.91,2.02,1.91,2.02,1.92,2.08,1.86,2.03
F1,2024-08-25,Nice,Toulouse,1,1,D,0,0,D,1.85,3.4,4.5,1.88,3.53,4.57,1.9,3.77,4.7,1.85,3.56,4.37,2.05,1.85,2.08,1.8,2.09,1.88,2.01,1.82,-0.5,1.87,2.03,1.88,2.03,1.89,2.07,1.85,2.01,2.1,3.0,3.9,2.16,3.2,3.98,2.16,3.6,4.2,2.08,3.29,3.85,2.38,1.57,2.47,1.6,2.47,1.83,2.21,1.66,-0.25,1.85,2.08,1.83,2.11,1.85,2.14,1.79,2.07
F1,2024-08-25,Strasbourg,Rennes,3,1,H,1,0,H,3.1,3.5,2.25,3.19,3.5,2.3,3.27,3.69,2.32,3.12,3.5,2.26,1.86,2.04,1.85,2.05,1.89,2.07,1.83,2.01,0.25,1.92,1.98,1.91,2.0,1.95,2.0,1.88,1.93,3.25,3.25,2.25,3.39,3.26,2.35,3.4,3.4,2.35,3.26,3.28,2.28,2.1,1.73,2.2,1.74,2.24,1.77,2.13,1.72,0.25,1.9,2.03,1.92,2.01,1.92,2.04,1.88,1.96
F1,2024-08-25,Marseille,Reims,2,2,D,1,0,H,1.53,4.5,5.5,1.56,4.47,5.84,1.59,4.61,6.0,1.55,4.39,5.68,1.62,2.3,1.64,2.35,1.69,2.38,1.63,2.3,-1.0,1.9,2.0,1.92,1.98,1.92,2.02,1.89,1.96,1.36,5.25,8.0,1.38,5.44,8.88,1.38,5.64,9.0,1.35,5.36,8.48,1.57,2.38,1.59,2.49,1.61,2.55,1.56,2.46,-1.5,2.06,1.87,2.0,1.87,2.06,1.94,1.98,1.88
F1,2024-08-30,Lyon,Strasbourg,4,3,H,1,1,D,1.85,3.75,4.0,1.89,3.83,4.18,1.97,3.88,4.4,1.88,3.76,4.05,1.73,2.1,1.75,2.17,1.79,2.25,1.72,2.15,-0.5,1.89,2.04,1.9,2.03,1.9,2.05,1.87,2.0,2.05,3.6,3.4,2.12,3.64,3.56,2.12,3.76,3.85,2.04,3.64,3.59,1.73,2.1,1.76,2.16,1.82,2.25,1.73,2.14,-0.5,2.05,1.75,2.11,1.81,2.11,1.9,2.04,1.82
F1,2024-08-31,Brest,St Etienne,4,0,H,2,0,H,1.8,3.8,4.33,1.85,3.83,4.28,1.88,3.96,4.56,1.82,3.76,4.31,2.07,1.83,2.08,1.8,2.1,1.88,2.04,1.8,-0.75,2.03,1.78,2.11,1.79,2.12,1.86,2.06,1.79,1.73,4.1,4.5,1.76,3.91,4.81,1.77,4.16,5.2,1.74,3.86,4.71,1.9,2.0,1.91,2.0,2.01,2.0,1.92,1.91,-0.75,2.02,1.91,2.0,1.93,2.02,1.95,1.96,1.88
F1,2024-08-31,Montpellier,Nantes,1,3,A,1,2,A,2.25,3.4,3.2,2.35,3.38,3.22,2.38,3.56,3.3,2.28,3.4,3.17,2.04,1.86,2.05,1.85,2.07,1.89,2.01,1.83,-0.25,2.01,1.89,2.02,1.88,2.04,1.94,1.96,1.89,2.2,3.5,3.1,2.31,3.53,3.22,2.31,3.61,3.27,2.26,3.51,3.15,1.85,2.05,1.86,2.05,1.9,2.06,1.84,1.99,-0.25,2.0,1.93,2.0,1.93,2.0,1.94,1.95,1.9
F1,2024-08-31,Toulouse,Marseille,1,3,A,0,2,A,3.8,3.8,1.9,4.09,3.74,1.91,4.2,3.92,1.95,3.93,3.7,1.92,1.8,2.0,1.8,2.09,1.85,2.11,1.8,2.04,0.5,1.99,1.91,1.98,1.92,2.01,1.93,1.94,1.91,3.0,3.7,2.2,3.16,3.62,2.3,3.25,3.8,2.31,3.13,3.59,2.23,1.73,2.1,1.75,2.19,1.78,2.2,1.73,2.13,0.25,1.93,2.0,1.93,2.0,1.98,2.0,1.92,1.92
F1,2024-09-01,Monaco,Lens,1,1,D,0,0,D,1.85,3.9,3.9,1.83,3.74,3.9,1.93,4.08,4.1,1.86,3.89,3.92,1.57,2.38,1.58,2.33,1.64,2.48,1.58,2.39,-0.5,1.87,2.03,1.84,1.96,1.89,2.06,1.86,1.99,2.0,3.7,3.5,2.08,3.71,3.6,2.08,3.87,3.97,1.99,3.72,3.65,1.67,2.2,1.71,2.25,1.71,2.3,1.67,2.23,-0.5,2.08,1.85,2.09,1.85,2.09,1.91,2.01,1.86
F1,2024-09-01,Angers,Nice,1,4,A,0,2,A,4.0,3.3,2.0,4.2,3.35,2.01,4.33,3.52,2.03,4.06,3.36,1.99,2.3,1.62,2.36,1.64,2.37,1.69,2.29,1.64,0.5,1.87,2.03,1.89,2.02,1.91,2.06,1.87,1.99,4.33,3.3,1.9,4.51,3.35,1.96,4.62,3.45,2.06,4.3,3.32,1.95,2.3,1.62,2.39,1.64,2.39,1.66,2.32,1.62,0.5,1.96,1.97,1.95,1.97,1.96,1.98,1.91,1.95
F1,2024-09-01,Le Havre,Auxerre,3,1,H,1,1,D,2.75,3.3,2.6,2.81,3.28,2.69,2.85,3.42,2.7,2.77,3.28,2.63,2.1,1.73,2.2,1.73,2.22,1.77,2.15,1.72,0.0,2.0,1.9,2.0,1.91,2.02,1.92,1.98,1.89,2.8,3.3,2.55,2.96,3.27,2.6,2.96,3.37,2.71,2.83,3.26,2.59,2.1,1.73,2.12,1.79,2.24,1.8,2.09,1.76,0.0,2.08,1.85,2.1,1.84,2.1,1.88,2.02,1.85
F1,2024-09-01,Reims,Rennes,2,1,H,1,1,D,2.9,3.5,2.38,2.94,3.29,2.37,3.08,3.69,2.47,2.92,3.44,2.4,1.83,2.07,1.77,2.02,1.86,2.1,1.8,2.04,0.25,1.82,2.08,1.77,2.05,1.83,2.11,1.78,2.05,3.2,3.5,2.2,3.36,3.51,2.24,3.39,3.57,2.34,3.19,3.48,2.24,1.86,2.04,1.86,2.05,1.89,2.1,1.82,2.02,0.25,1.98,1.95,1.98,1.94,2.01,1.98,1.92,1.91
F1,2024-09-01,Lille,Paris SG,1,3,A,0,2,A,3.9,3.8,1.85,4.31,3.74,1.86,4.4,4.02,1.93,4.07,3.74,1.88,1.73,2.1,1.77,2.13,1.81,2.2,1.75,2.11,0.5,2.03,1.87,2.04,1.88,2.06,1.92,1.99,1.87,4.2,3.9,1.75,4.53,3.94,1.8,4.6,4.1,1.84,4.36,3.87,1.78,1.73,2.1,1.71,2.24,1.75,2.32,1.68,2.2,0.75,1.87,2.06,1.88,2.04,1.94,2.06,1.86,1.98
F1,2024-09-13,St Etienne,Lille,1,0,H,1,0,H,5.5,3.6,1.7,5.22,3.78,1.72,5.5,3.83,1.86,5.01,3.68,1.75,1.92,1.98,1.93,1.96,1.98,2.0,1.9,1.93,0.75,1.95,1.95,1.95,1.93,2.0,2.04,1.88,1.94,5.25,3.6,1.7,5.4,3.67,1.73,5.57,3.86,1.75,5.2,3.7,1.71,1.97,1.93,1.96,1.93,1.99,2.0,1.91,1.91,0.75,1.95,1.95,1.94,1.94,1.98,1.97,1.92,1.91
F1,2024-09-14,Marseille,Nice,2,0,H,1,0,H,1.7,3.9,4.5,1.75,3.97,4.6,1.81,4.09,4.7,1.76,3.93,4.49,1.73,2.1,1.74,2.16,1.79,2.2,1.73,2.14,-0.75,1.95,1.95,1.97,1.92,1.99,1.96,1.93,1.89,1.85,3.5,4.33,1.88,3.63,4.47,1.94,3.7,4.57,1.88,3.59,4.29,1.99,1.91,2.0,1.91,2.0,2.0,1.93,1.9,-0.5,1.9,2.03,1.89,2.03,1.94,2.04,1.88,1.99
F1,2024-09-14,Auxerre,Monaco,0,3,A,0,2,A,3.9,3.75,1.85,4.02,3.8,1.89,4.1,4.07,1.94,3.88,3.89,1.89,1.5,2.63,1.52,2.6,1.52,2.72,1.49,2.62,0.5,2.02,1.88,2.0,1.88,2.06,1.91,1.98,1.88,4.5,3.8,1.73,4.58,4.02,1.78,4.81,4.2,1.87,4.31,3.96,1.79,1.57,2.38,1.58,2.47,1.61,2.75,1.54,2.5,0.75,1.93,2.0,1.93,1.99,1.94,2.07,1.87,1.98
F1,2024-09-14,Paris SG,Brest,3,1,H,1,1,D,1.27,6.0,10.0,1.28,6.16,9.59,1.32,6.5,10.5,1.28,6.11,9.73,1.44,2.75,1.44,2.81,1.45,2.9,1.43,2.77,-1.75,2.01,1.89,2.01,1.86,2.03,1.94,1.98,1.85,1.3,6.0,9.0,1.29,6.06,10.46,1.31,6.4,11.0,1.29,5.99,9.74,1.44,2.75,1.45,2.84,1.52,2.92,1.44,2.8,-1.75,2.07,1.86,2.05,1.87,2.1,1.89,2.01,1.83
F1,2024-09-15,Rennes,Montpellier,3,0,H,2,0,H,1.62,4.0,5.25,1.63,4.26,5.16,1.68,4.4,5.5,1.63,4.2,5.08,1.62,2.3,1.65,2.31,1.69,2.42,1.64,2.3,-1.0,2.06,1.84,2.08,1.82,2.11,1.85,2.06,1.81,1.42,5.0,7.0,1.44,5.16,6.92,1.47,5.21,7.37,1.43,4.99,6.74,1.44,2.75,1.47,2.81,1.52,2.88,1.46,2.75,-1.25,1.9,2.03,1.9,2.02,1.97,2.06,1.88,1.96
F1,2024-09-15,Nantes,Reims,1,2,A,1,1,D,2.38,3.4,3.0,2.43,3.37,3.03,2.49,3.47,3.1,2.39,3.38,3.0,1.99,1.91,1.98,1.89,2.0,1.95,1.95,1.88,-0.25,2.09,1.81,2.1,1.81,2.12,1.85,2.03,1.8,2.38,3.2,3.1,2.52,3.25,3.1,2.52,3.35,3.18,2.42,3.25,3.09,2.1,1.73,2.17,1.76,2.24,1.78,2.12,1.74,-0.25,2.11,1.82,2.15,1.8,2.15,1.86,2.06,1.81
F1,2024-09-15,Strasbourg,Angers,1,1,D,1,0,H,1.7,3.8,5.25,1.69,3.82,5.31,1.76,3.99,5.5,1.71,3.81,5.02,1.97,1.93,1.95,1.92,1.99,1.96,1.93,1.9,-0.75,1.92,1.98,1.91,1.98,1.94,2.0,1.89,1.92,1.6,4.1,5.5,1.64,4.07,5.74,1.67,4.18,6.0,1.63,3.98,5.51,1.95,1.95,1.94,1.96,1.98,2.0,1.92,1.91,-0.75,1.75,2.05,1.81,2.11,1.84,2.13,1.8,2.05
F1,2024-09-15,Toulouse,Le Havre,2,0,H,0,0,D,1.8,3.6,4.5,1.85,3.71,4.37,1.87,3.85,4.7,1.83,3.7,4.38,2.02,1.88,2.04,1.84,2.05,1.91,2.0,1.84,-0.5,1.85,2.05,1.85,2.04,1.88,2.08,1.83,2.03,1.9,3.4,4.33,1.93,3.51,4.38,1.97,3.65,4.5,1.91,3.49,4.27,2.2,1.67,2.19,1.75,2.24,1.78,2.14,1.73,-0.5,1.94,1.99,1.94,1.98,1.95,2.0,1.9,1.96
F1,2024-09-15,Lens,Lyon,0,0,D,0,0,D,1.8,3.75,4.33,1.86,3.8,4.18,1.92,3.95,4.4,1.85,3.78,4.12,1.73,2.1,1.7,2.21,1.75,2.26,1.7,2.18,-0.5,1.86,2.04,1.86,2.02,1.88,2.11,1.85,2.02,1.75,3.9,4.33,1.82,3.96,4.39,1.84,4.15,4.4,1.8,3.95,4.2,1.53,2.5,1.58,2.53,1.58,2.55,1.55,2.48,-0.75,2.06,1.87,2.05,1.88,2.1,1.88,2.01,1.84
F1,2024-09-20,Nice,St Etienne,8,0,H,6,0,H,1.53,4.1,6.5,1.55,4.25,6.57,1.59,4.4,6.7,1.54,4.2,6.4,1.93,1.97,1.92,1.99,1.96,1.99,1.9,1.94,-1.0,1.93,2.0,1.93,1.98,1.94,2.01,1.91,1.94,1.45,4.33,7.0,1.49,4.45,7.5,1.52,4.55,7.52,1.48,4.35,7.03,1.86,2.04,1.88,2.03,1.9,2.04,1.85,1.99,-1.0,1.75,2.05,1.79,2.14,1.85,2.16,1.79,2.08
F1,2024-09-21,Lille,Strasbourg,3,3,D,2,2,D,1.7,4.0,4.75,1.74,3.88,4.93,1.78,4.04,5.2,1.72,3.9,4.79,1.87,2.03,1.87,2.02,1.9,2.05,1.84,2.0,-0.75,1.98,1.95,1.96,1.94,1.99,2.0,1.91,1.92,1.55,4.33,5.75,1.56,4.46,6.04,1.59,4.5,6.1,1.57,4.32,5.74,1.73,2.1,1.74,2.19,1.82,2.19,1.74,2.12,-1.0,1.93,2.0,1.93,1.99,2.0,2.0,1.94,1.91
F1,2024-09-21,Rennes,Lens,1,1,D,1,0,H,2.35,3.4,3.0,2.44,3.34,3.09,2.47,3.5,3.14,2.41,3.33,3.0,2.0,1.8,2.09,1.8,2.12,1.84,2.05,1.79,-0.25,2.09,1.84,2.1,1.83,2.1,1.84,2.04,1.8,2.35,3.5,2.9,2.39,3.5,3.09,2.48,3.58,3.12,2.38,3.44,2.98,1.95,1.95,1.94,1.96,2.0,2.0,1.93,1.9,-0.25,2.09,1.84,2.07,1.86,2.1,1.86,2.04,1.82
F1,2024-09-21,Reims,Paris SG,1,1,D,1,0,H,6.5,4.75,1.44,6.91,5.01,1.44,7.1,5.2,1.49,6.59,4.92,1.44,1.53,2.5,1.54,2.59,1.55,2.63,1.52,2.52,1.25,1.98,1.95,1.96,1.94,1.99,1.99,1.9,1.92,7.0,5.0,1.4,7.69,5.14,1.41,7.8,5.4,1.43,7.37,5.02,1.4,1.5,2.63,1.5,2.7,1.53,2.7,1.49,2.63,1.25,2.06,1.87,2.05,1.88,2.1,1.88,2.02,1.83
F1,2024-09-22,Monaco,Le Havre,3,1,H,1,1,D,1.36,4.75,8.5,1.38,5.23,8.11,1.4,5.5,8.55,1.37,5.13,7.99,1.57,2.38,1.62,2.4,1.63,2.5,1.59,2.38,-1.5,2.07,1.86,2.08,1.84,2.11,1.88,2.03,1.82,1.42,4.75,7.0,1.43,4.86,7.84,1.46,5.0,8.5,1.42,4.74,7.55,1.67,2.2,1.68,2.28,1.72,2.3,1.66,2.24,-1.25,1.97,1.96,1.97,1.95,2.0,2.05,1.93,1.91
F1,2024-09-22,Angers,Nantes,1,1,D,1,1,D,3.2,3.3,2.3,3.32,3.2,2.39,3.37,3.39,2.4,3.2,3.22,2.36,2.3,1.62,2.32,1.66,2.35,1.7,2.27,1.65,0.25,1.88,2.05,1.88,2.04,1.9,2.07,1.84,1.99,3.0,3.25,2.45,3.19,3.15,2.52,3.38,3.36,2.52,3.19,3.18,2.4,2.3,1.62,2.39,1.64,2.39,1.67,2.31,1.63,0.25,1.73,2.08,1.81,2.14,1.89,2.17,1.81,2.05
F1,2024-09-22,Brest,Toulouse,2,0,H,1,0,H,2.15,3.5,3.4,2.16,3.57,3.44,2.17,3.7,3.56,2.14,3.51,3.38,2.0,1.9,2.0,1.89,2.02,1.94,1.96,1.87,-0.25,1.87,2.06,1.88,2.03,1.88,2.06,1.83,1.99,2.8,3.2,2.6,2.93,3.17,2.7,2.93,3.4,3.0,2.76,3.26,2.66,2.2,1.67,2.25,1.7,2.25,1.87,2.09,1.77,0.0,2.05,1.88,2.04,1.88,2.05,1.91,2.0,1.88
F1,2024-09-22,Montpellier,Auxerre,3,2,H,0,1,A,2.3,3.3,3.2,2.39,3.37,3.14,2.4,3.75,3.3,2.32,3.46,3.06,1.73,2.1,1.78,2.12,1.83,2.15,1.75,2.07,-0.25,2.03,1.9,2.06,1.85,2.06,1.91,1.97,1.85,2.0,3.5,3.7,2.06,3.71,3.67,2.3,3.71,3.75,2.13,3.57,3.4,1.62,2.3,1.65,2.38,1.68,2.38,1.64,2.29,-0.25,1.73,2.08,1.79,2.15,2.0,2.17,1.82,2.03
F1,2024-09-22,Lyon,Marseille,2,3,A,0,0,D,2.9,3.8,2.2,3.06,3.91,2.21,3.12,4.0,2.29,2.98,3.8,2.22,1.57,2.38,1.57,2.51,1.59,2.52,1.56,2.41,0.25,1.95,1.98,1.95,1.95,1.96,2.0,1.88,1.93,2.7,3.75,2.38,2.87,3.67,2.45,2.96,3.85,2.47,2.83,3.67,2.38,1.62,2.3,1.66,2.34,1.66,2.41,1.62,2.32,0.25,1.75,2.05,1.8,2.13,1.84,2.17,1.79,2.06
F1,2024-09-27,Auxerre,Brest,3,0,H,2,0,H,2.75,3.4,2.55,2.86,3.38,2.62,2.9,3.45,2.63,2.8,3.37,2.57,1.93,1.97,1.92,1.98,1.96,1.99,1.89,1.94,0.0,2.03,1.87,2.05,1.88,2.07,1.89,2.03,1.86,2.9,3.4,2.45,3.11,3.38,2.44,3.17,3.45,2.51,3.01,3.33,2.42,1.93,1.97,1.93,1.97,1.95,2.0,1.9,1.93,0.25,1.73,2.08,1.84,2.1,1.86,2.16,1.79,2.07
F1,2024-09-27,Paris SG,Rennes,3,1,H,1,0,H,1.38,5.25,7.5,1.37,5.3,8.67,1.41,5.4,8.67,1.38,5.12,8.03,1.57,2.38,1.61,2.44,1.65,2.55,1.59,2.4,-1.25,1.78,2.03,1.85,2.09,1.89,2.09,1.82,2.01,1.42,5.0,6.5,1.43,4.91,7.65,1.45,5.4,8.4,1.41,4.97,7.49,1.62,2.3,1.63,2.38,1.63,2.49,1.59,2.38,-1.25,1.95,1.95,1.98,1.94,1.98,2.05,1.89,1.96
F1,2024-09-28,Lens,Nice,0,0,D,0,0,D,2.05,3.4,3.75,2.08,3.42,3.83,2.1,3.63,3.9,2.05,3.45,3.72,2.1,1.73,2.13,1.78,2.15,1.82,2.09,1.76,-0.5,2.07,1.83,2.09,1.83,2.1,1.85,2.05,1.82,1.9,3.5,4.2,1.94,3.46,4.45,1.97,3.56,4.5,1.92,3.44,4.27,2.1,1.73,2.13,1.79,2.16,1.79,2.08,1.75,-0.5,1.94,1.99,1.95,1.97,1.95,1.99,1.93,1.94
F1,2024-09-28,Le Havre,Lille,0,3,A,0,2,A,4.75,3.7,1.75,4.7,3.71,1.81,4.75,3.83,1.84,4.55,3.71,1.8,2.08,1.82,2.07,1.83,2.11,1.86,2.04,1.81,0.75,1.85,2.05,1.85,2.07,1.87,2.07,1.82,2.01,4.0,3.5,1.95,4.41,3.53,1.92,4.5,3.64,1.97,4.24,3.5,1.91,2.05,1.75,2.09,1.83,2.23,1.84,2.07,1.78,0.5,1.94,1.99,2.0,1.93,2.01,2.02,1.95,1.92
F1,2024-09-28,Monaco,Montpellier,2,1,H,1,1,D,1.33,5.5,7.5,1.34,5.7,8.48,1.37,6.01,9.15,1.34,5.59,8.22,1.44,2.7,1.44,2.87,1.47,2.9,1.44,2.79,-1.5,1.98,1.92,1.96,1.94,2.0,2.01,1.93,1.92,1.27,5.75,9.5,1.29,6.22,9.74,1.3,7.0,11.0,1.26,6.35,10.11,1.3,3.5,1.33,3.44,1.35,3.7,1.31,3.46,-1.75,1.95,1.98,1.94,1.96,1.96,2.09,1.87,1.98
F1,2024-09-29,Toulouse,Lyon,1,2,A,1,1,D,2.45,3.4,2.88,2.5,3.55,2.85,2.53,3.69,2.9,2.47,3.49,2.82,1.84,2.06,1.81,2.08,1.89,2.08,1.81,1.99,0.0,1.83,2.07,1.83,2.09,1.86,2.1,1.82,2.06,2.45,3.5,2.8,2.43,3.57,2.98,2.5,3.6,3.05,2.4,3.5,2.92,1.67,2.15,1.74,2.21,1.75,2.3,1.69,2.18,-0.25,2.08,1.73,2.11,1.83,2.13,1.85,2.04,1.81
F1,2024-09-29,Angers,Reims,1,3,A,0,2,A,3.6,3.2,2.2,3.59,3.28,2.22,3.63,3.37,2.27,3.46,3.27,2.21,2.08,1.73,2.15,1.76,2.18,1.8,2.1,1.75,0.25,2.0,1.9,2.0,1.9,2.0,1.92,1.95,1.87,3.6,3.2,2.15,3.78,3.26,2.19,3.82,3.32,2.22,3.65,3.23,2.17,2.08,1.73,2.16,1.76,2.17,1.79,2.12,1.74,0.25,2.05,1.88,2.06,1.87,2.08,1.89,2.01,1.84
F1,2024-09-29,Nantes,St Etienne,2,2,D,1,0,H,1.73,3.8,4.75,1.78,3.71,4.92,1.84,3.84,5.0,1.76,3.73,4.71,2.02,1.88,2.05,1.85,2.06,1.91,1.97,1.86,-0.75,1.99,1.91,2.03,1.88,2.03,1.92,1.97,1.85,1.73,3.7,4.75,1.78,3.71,5.05,1.82,3.84,5.3,1.75,3.74,4.83,2.1,1.73,2.12,1.79,2.12,1.94,2.0,1.83,-0.75,2.03,1.9,2.02,1.91,2.03,1.95,1.98,1.88
F1,2024-09-29,Strasbourg,Marseille,1,0,H,1,0,H,3.4,3.9,2.0,3.56,3.83,2.03,3.63,4.0,2.08,3.47,3.84,2.01,1.57,2.35,1.61,2.41,1.65,2.44,1.58,2.35,0.5,1.86,2.04,1.87,2.04,1.89,2.06,1.85,2.01,3.1,3.75,2.15,3.18,3.69,2.26,3.32,3.83,2.26,3.18,3.69,2.17,1.65,2.2,1.68,2.3,1.68,2.4,1.63,2.31,0.25,1.98,1.95,1.95,1.97,2.02,1.97,1.95,1.9
F1,2024-10-04,Marseille,Angers,1,1,D,0,0,D,1.25,6.0,12.0,1.24,6.59,12.26,1.26,7.01,14.0,1.23,6.46,12.63,1.53,2.5,1.54,2.58,1.56,2.63,1.52,2.51,-1.75,1.91,1.99,1.93,1.97,1.93,2.03,1.88,1.95,1.27,5.75,11.0,1.27,6.17,10.94,1.29,6.5,13.0,1.27,5.94,10.92,1.53,2.5,1.56,2.52,1.58,2.62,1.54,2.49,-1.75,2.04,1.86,2.07,1.85,2.09,1.92,2.01,1.85
F1,2024-10-05,St Etienne,Auxerre,3,1,H,1,0,H,2.7,3.4,2.6,2.79,3.47,2.58,2.84,3.63,2.65,2.74,3.45,2.57,1.91,1.99,1.92,1.97,1.95,2.0,1.89,1.94,0.0,2.01,1.89,2.03,1.88,2.05,1.9,2.0,1.87,3.0,3.3,2.35,3.22,3.31,2.41,3.23,3.6,2.42,3.04,3.43,2.35,1.98,1.92,1.99,1.92,1.99,2.1,1.83,2.02,0.25,1.84,2.09,1.87,2.07,1.89,2.09,1.85,2.02
F1,2024-10-05,Lille,Toulouse,2,1,H,0,1,A,1.73,4.1,4.5,1.75,4.02,4.64,1.79,4.1,4.76,1.75,3.96,4.55,1.84,2.06,1.84,2.06,1.88,2.08,1.83,2.02,-0.75,1.97,1.93,1.97,1.93,1.98,1.95,1.94,1.89,1.75,3.9,4.33,1.79,3.81,4.8,1.87,4.0,4.84,1.78,3.78,4.56,1.98,1.92,1.96,1.94,2.0,2.0,1.92,1.91,-0.75,2.04,1.89,2.03,1.89,2.11,1.91,2.01,1.85
F1,2024-10-05,Rennes,Monaco,1,2,A,1,2,A,2.7,3.5,2.55,2.75,3.65,2.53,2.77,3.83,2.58,2.7,3.65,2.5,1.62,2.3,1.65,2.34,1.7,2.38,1.63,2.31,0.0,2.02,1.88,2.04,1.87,2.05,1.91,2.02,1.87,2.75,3.3,2.6,2.76,3.49,2.64,3.06,3.56,2.64,2.89,3.45,2.46,1.73,2.1,1.79,2.13,1.83,2.2,1.76,2.1,0.0,2.03,1.9,2.01,1.92,2.14,1.92,2.06,1.84
F1,2024-10-06,Lyon,Nantes,2,0,H,1,0,H,1.75,3.6,4.75,1.79,3.95,4.43,1.85,4.04,4.75,1.8,3.85,4.37,1.73,2.1,1.76,2.14,1.81,2.16,1.76,2.1,-0.75,2.02,1.88,2.04,1.87,2.04,1.9,2.0,1.84,1.65,3.9,5.5,1.68,4.05,5.27,1.8,4.1,5.77,1.7,3.94,4.95,1.67,2.2,1.71,2.24,1.75,2.3,1.69,2.2,-0.75,1.85,2.08,1.87,2.06,1.99,2.12,1.87,1.99
F1,2024-10-06,Brest,Le Havre,2,0,H,1,0,H,1.8,3.6,4.5,1.83,3.55,4.83,1.88,3.72,4.9,1.84,3.54,4.55,2.1,1.73,2.19,1.73,2.22,1.77,2.15,1.72,-0.5,1.83,2.07,1.83,2.08,1.85,2.09,1.83,2.03,1.8,3.6,4.5,1.84,3.57,4.77,1.92,3.69,4.8,1.83,3.55,4.58,2.2,1.67,2.22,1.73,2.25,1.78,2.16,1.71,-0.5,1.85,2.08,1.85,2.08,1.87,2.11,1.84,2.04
F1,2024-10-06,Reims,Montpellier,4,2,H,2,1,H,1.8,3.8,4.33,1.81,3.99,4.28,1.86,4.12,4.4,1.82,3.93,4.13,1.62,2.3,1.64,2.36,1.7,2.38,1.64,2.29,-0.5,1.78,2.03,1.81,2.09,1.85,2.11,1.81,2.05,1.65,4.1,5.0,1.67,4.19,5.18,1.71,4.25,5.25,1.66,4.14,4.9,1.57,2.38,1.61,2.46,1.61,2.53,1.57,2.41,-0.75,1.83,2.1,1.85,2.09,1.86,2.11,1.82,2.04
F1,2024-10-06,Strasbourg,Lens,2,2,D,1,2,A,3.0,3.3,2.4,2.99,3.48,2.44,3.02,3.65,2.5,2.93,3.43,2.41,1.92,1.98,1.91,1.98,1.95,2.0,1.88,1.94,0.25,1.81,2.09,1.81,2.11,1.83,2.13,1.78,2.06,2.63,3.3,2.7,2.7,3.45,2.72,2.87,3.53,2.72,2.72,3.41,2.6,1.91,1.99,1.89,2.01,1.93,2.03,1.87,1.96,0.0,1.95,1.98,1.95,1.97,2.06,1.99,1.98,1.91
F1,2024-10-06,Nice,Paris SG,1,1,D,1,0,H,4.75,4.0,1.7,5.07,4.03,1.69,5.2,4.25,1.74,4.88,4.0,1.69,1.73,2.1,1.71,2.21,1.75,2.3,1.69,2.17,0.75,2.0,1.9,2.02,1.89,2.02,1.91,1.97,1.86,5.25,4.33,1.57,5.57,4.31,1.61,5.64,4.45,1.62,5.35,4.27,1.59,1.62,2.3,1.63,2.38,1.67,2.41,1.61,2.32,1.0,1.9,2.03,1.9,2.02,1.92,2.04,1.86,1.99
F1,2024-10-18,Monaco,Lille,0,0,D,0,0,D,1.91,3.6,3.8,1.94,3.75,4.04,2.03,3.87,4.1,1.93,3.71,3.89,1.67,2.2,1.73,2.22,1.76,2.24,1.7,2.18,-0.5,1.95,1.95,1.95,1.97,1.98,1.98,1.93,1.94,2.0,3.5,3.6,2.13,3.63,3.52,2.15,3.76,3.93,2.05,3.63,3.57,1.67,2.2,1.69,2.29,1.7,2.3,1.64,2.23,-0.5,2.01,1.77,2.13,1.8,2.15,1.88,2.05,1.82
F1,2024-10-19,Brest,Rennes,1,1,D,0,0,D,2.9,3.25,2.5,2.99,3.22,2.58,3.05,3.42,2.59,2.93,3.25,2.52,2.04,1.86,2.03,1.87,2.06,1.89,1.99,1.81,0.0,2.08,1.82,2.11,1.81,2.13,1.85,2.08,1.81,2.63,3.2,2.75,2.73,3.23,2.84,2.73,3.35,2.85,2.68,3.22,2.77,2.1,1.73,2.15,1.78,2.16,1.86,2.09,1.77,0.0,1.92,2.01,1.93,2.0,1.93,2.02,1.91,1.97
F1,2024-10-19,St Etienne,Lens,0,2,A,0,1,A,5.25,3.75,1.67,5.3,3.84,1.7,5.5,4.02,1.76,5.07,3.85,1.7,1.95,1.95,1.93,1.95,1.98,1.97,1.91,1.92,0.75,1.99,1.91,1.99,1.92,2.0,1.94,1.95,1.89,6.0,4.2,1.55,5.92,4.38,1.58,6.06,4.5,1.58,5.89,4.32,1.55,1.73,2.1,1.71,2.22,1.73,2.29,1.67,2.21,1.0,1.96,1.97,1.94,1.98,2.04,1.98,1.95,1.91
F1,2024-10-19,Paris SG,Strasbourg,4,2,H,1,0,H,1.27,5.75,10.0,1.26,6.67,9.83,1.29,6.9,11.0,1.27,6.44,9.77,1.33,3.2,1.35,3.29,1.38,3.4,1.35,3.19,-1.75,1.89,1.89,1.92,1.97,1.98,1.98,1.91,1.92,1.3,5.5,9.0,1.3,6.2,9.32,1.33,6.75,11.0,1.29,6.18,9.5,1.33,3.4,1.34,3.38,1.36,3.45,1.33,3.34,-1.75,2.04,1.89,2.03,1.88,2.07,1.96,1.96,1.89
F1,2024-10-20,Le Havre,Lyon,0,4,A,0,1,A,3.75,3.5,2.0,3.88,3.57,2.01,3.89,3.87,2.02,3.7,3.62,1.99,1.73,2.1,1.79,2.1,1.83,2.14,1.77,2.08,0.5,1.87,2.03,1.88,2.02,1.89,2.06,1.86,2.0,4.75,3.8,1.73,4.85,3.93,1.75,5.12,4.1,1.75,4.74,3.93,1.72,1.67,2.2,1.68,2.3,1.7,2.35,1.66,2.25,0.75,1.95,1.98,1.95,1.97,2.0,1.99,1.94,1.91
F1,2024-10-20,Auxerre,Reims,2,1,H,1,0,H,2.63,3.4,2.6,2.78,3.46,2.6,2.78,3.73,2.65,2.67,3.49,2.59,1.73,2.1,1.75,2.16,1.8,2.19,1.74,2.12,0.0,1.99,1.91,2.02,1.89,2.02,1.94,1.97,1.91,3.25,3.4,2.2,3.37,3.56,2.22,3.45,3.56,2.3,3.25,3.46,2.23,1.73,2.1,1.75,2.18,1.82,2.18,1.75,2.11,0.25,2.0,1.93,2.0,1.93,2.01,2.0,1.94,1.91
F1,2024-10-20,Nantes,Nice,1,1,D,0,0,D,3.25,3.1,2.38,3.26,3.16,2.44,3.26,3.39,2.48,3.16,3.17,2.4,2.2,1.67,2.29,1.68,2.32,1.71,2.24,1.67,0.25,1.85,2.05,1.84,2.08,1.87,2.09,1.82,2.02,2.88,3.2,2.55,2.94,3.18,2.69,2.97,3.35,2.72,2.88,3.16,2.62,2.1,1.73,2.16,1.75,2.2,1.79,2.12,1.74,0.0,2.08,1.85,2.05,1.88,2.09,1.88,2.04,1.85
F1,2024-10-20,Toulouse,Angers,1,1,D,0,1,A,1.57,3.75,6.5,1.6,3.95,6.24,1.64,4.09,6.5,1.58,3.89,6.17,2.0,1.8,2.12,1.78,2.13,1.83,2.06,1.78,-1.0,2.06,1.84,2.07,1.85,2.08,1.86,2.02,1.83,1.45,4.1,8.0,1.49,4.39,7.63,1.53,4.5,8.3,1.49,4.28,7.21,1.99,1.91,1.98,1.93,2.0,1.95,1.92,1.91,-1.0,1.75,2.05,1.8,2.12,1.88,2.15,1.81,2.05
F1,2024-10-20,Montpellier,Marseille,0,5,A,0,3,A,4.33,4.0,1.73,4.37,4.04,1.79,4.5,4.29,1.81,4.26,4.06,1.76,1.53,2.5,1.57,2.49,1.59,2.52,1.54,2.46,0.75,1.85,1.93,1.89,2.01,1.93,2.01,1.88,1.94,4.33,4.0,1.75,4.46,4.05,1.74,4.82,4.25,1.79,4.53,4.08,1.72,1.53,2.5,1.55,2.59,1.55,2.63,1.52,2.56,0.75,1.91,2.02,1.92,2.01,2.02,2.02,1.94,1.92
F1,2024-10-25,Rennes,Le Havre,1,0,H,0,0,D,1.45,4.0,7.5,1.49,4.37,7.65,1.52,4.56,7.8,1.49,4.31,7.19,1.95,1.95,1.95,1.95,1.98,1.97,1.92,1.91,-1.0,1.83,2.1,1.83,2.11,1.9,2.16,1.81,2.05,1.53,3.9,7.0,1.53,4.26,6.98,1.56,4.7,8.1,1.5,4.26,6.93,1.92,1.98,1.91,2.0,1.99,2.04,1.87,1.96,-1.0,1.9,2.03,1.92,2.01,1.96,2.2,1.85,2.03
F1,2024-10-26,Angers,St Etienne,4,2,H,2,1,H,2.45,3.3,2.9,2.48,3.19,3.16,2.5,3.47,3.18,2.44,3.25,3.05,2.1,1.73,2.15,1.76,2.16,1.81,2.1,1.76,-0.25,2.1,1.8,2.12,1.81,2.12,1.84,2.07,1.79,2.2,3.5,3.2,2.29,3.4,3.37,2.31,3.57,3.47,2.25,3.39,3.27,1.93,1.85,2.01,1.9,2.02,2.0,1.94,1.88,-0.25,1.99,1.94,1.97,1.95,2.01,1.98,1.94,1.92
F1,2024-10-26,Reims,Brest,1,2,A,1,2,A,2.15,3.5,3.25,2.2,3.55,3.38,2.23,3.73,3.41,2.19,3.53,3.26,1.84,2.06,1.85,2.04,1.88,2.08,1.84,2.0,-0.25,1.85,1.93,1.91,2.0,1.93,2.0,1.89,1.94,1.85,3.5,4.33,1.9,3.54,4.53,1.95,3.65,4.6,1.88,3.52,4.3,2.08,1.82,2.06,1.85,2.11,1.88,2.02,1.81,-0.5,1.9,2.03,1.91,2.01,1.91,2.03,1.88,1.98
F1,2024-10-26,Lens,Lille,0,2,A,0,0,D,2.3,3.4,3.1,2.38,3.35,3.18,2.39,3.56,3.23,2.34,3.36,3.1,2.02,1.88,2.02,1.87,2.04,1.9,1.99,1.85,-0.25,2.03,1.87,2.05,1.86,2.07,1.89,2.0,1.84,2.05,3.4,3.7,2.1,3.38,3.89,2.2,3.47,3.89,2.12,3.32,3.69,2.1,1.73,2.1,1.79,2.2,1.81,2.09,1.76,-0.25,1.75,2.05,1.8,2.13,1.91,2.17,1.8,2.06
F1,2024-10-27,Lyon,Auxerre,2,2,D,1,0,H,1.48,5.0,5.5,1.49,4.89,6.14,1.55,5.0,6.2,1.49,4.81,5.83,1.44,2.75,1.47,2.79,1.48,2.8,1.45,2.7,-1.25,2.05,1.85,2.04,1.88,2.05,1.88,2.01,1.82,1.42,5.25,5.75,1.46,5.07,6.72,1.49,5.44,6.8,1.44,5.06,6.41,1.4,3.0,1.44,2.93,1.45,3.1,1.41,2.94,-1.25,1.91,1.99,1.94,1.98,1.98,2.01,1.9,1.95
F1,2024-10-27,Montpellier,Toulouse,0,3,A,0,3,A,3.1,3.6,2.2,3.23,3.68,2.21,3.26,3.79,2.28,3.15,3.61,2.2,1.73,2.1,1.75,2.16,1.79,2.19,1.74,2.12,0.25,1.95,1.95,1.97,1.93,1.98,1.96,1.92,1.9,3.2,3.7,2.1,3.44,3.7,2.14,3.44,3.8,2.21,3.28,3.68,2.12,1.67,2.2,1.68,2.32,1.71,2.33,1.64,2.26,0.25,2.04,1.86,2.06,1.87,2.07,1.89,2.01,1.84
F1,2024-10-27,Nice,Monaco,2,1,H,1,1,D,3.2,3.5,2.2,3.35,3.5,2.23,3.36,3.73,2.28,3.2,3.48,2.23,1.8,2.0,1.85,2.05,1.87,2.12,1.81,2.03,0.25,1.95,1.95,1.97,1.93,1.97,1.97,1.92,1.91,3.9,3.7,1.91,4.04,3.72,1.95,4.26,3.81,1.97,3.89,3.7,1.92,1.8,2.0,1.79,2.12,1.84,2.12,1.79,2.04,0.5,1.95,1.95,1.96,1.96,2.0,1.99,1.92,1.94
F1,2024-10-27,Strasbourg,Nantes,3,1,H,1,0,H,1.85,3.6,4.2,1.88,3.69,4.33,1.92,3.88,4.33,1.88,3.66,4.12,1.86,1.92,1.89,1.99,1.94,2.01,1.88,1.94,-0.5,1.87,2.03,1.88,2.03,1.91,2.06,1.87,1.99,1.95,3.5,3.9,2.0,3.5,4.11,2.06,3.6,4.2,1.98,3.51,3.94,1.95,1.95,1.97,1.93,1.99,1.96,1.92,1.91,-0.5,2.0,1.9,2.01,1.92,2.02,1.92,1.98,1.89
F1,2024-10-27,Marseille,Paris SG,0,3,A,0,3,A,3.9,3.7,1.9,3.8,4.05,1.91,3.9,4.19,1.99,3.65,3.92,1.93,1.53,2.5,1.52,2.62,1.54,2.66,1.51,2.54,0.5,1.95,1.95,1.99,1.92,1.99,1.99,1.92,1.94,4.1,3.7,1.83,4.14,4.04,1.85,4.21,4.1,1.89,4.02,3.95,1.84,1.53,2.5,1.55,2.61,1.59,2.62,1.52,2.55,0.5,2.05,1.85,2.07,1.86,2.08,1.88,2.03,1.85
F1,2024-11-01,Monaco,Angers,0,1,A,0,1,A,1.22,6.5,12.0,1.21,7.49,12.84,1.23,7.7,14.5,1.21,7.06,13.02,1.44,2.75,1.43,2.94,1.45,2.98,1.42,2.86,-2.0,2.05,1.88,2.02,1.88,2.06,1.93,2.0,1.86,1.27,6.25,10.0,1.26,6.65,10.42,1.29,7.3,14.0,1.24,6.67,11.0,1.36,3.2,1.38,3.18,1.43,3.35,1.38,3.07,-1.75,1.91,2.02,1.92,1.99,1.96,2.07,1.85,2.0
F1,2024-11-01,Lille,Lyon,1,1,D,1,0,H,2.15,3.75,3.1,2.25,3.69,3.2,2.26,3.89,3.3,2.19,3.71,3.14,1.62,2.3,1.65,2.36,1.68,2.4,1.62,2.33,-0.25,1.95,1.98,1.96,1.96,1.97,2.0,1.9,1.94,2.2,3.75,3.0,2.28,3.75,3.1,2.28,3.84,3.23,2.23,3.7,3.05,1.57,2.38,1.61,2.44,1.65,2.45,1.59,2.37,-0.25,2.01,1.92,1.99,1.93,2.01,1.97,1.94,1.91
F1,2024-11-02,Paris SG,Lens,1,0,H,1,0,H,1.42,5.0,6.25,1.43,5.01,7.21,1.47,5.2,7.3,1.43,4.94,6.95,1.53,2.5,1.56,2.54,1.57,2.57,1.54,2.48,-1.25,1.95,1.95,1.93,1.98,1.96,1.98,1.91,1.92,1.42,5.0,6.25,1.42,5.07,7.73,1.46,5.4,8.3,1.41,5.05,7.15,1.53,2.5,1.55,2.58,1.55,2.72,1.51,2.58,-1.25,1.92,2.01,1.91,2.02,1.92,2.1,1.87,1.98
F1,2024-11-02,Brest,Nice,0,1,A,0,1,A,2.63,3.25,2.75,2.71,3.17,2.87,2.75,3.31,2.87,2.67,3.18,2.79,2.2,1.67,2.22,1.71,2.22,1.77,2.18,1.7,0.0,1.89,2.01,1.89,2.01,1.94,2.04,1.89,1.99,3.0,3.1,2.5,3.05,3.15,2.62,3.08,3.2,2.65,2.97,3.14,2.57,2.3,1.62,2.33,1.67,2.38,1.72,2.28,1.65,0.0,2.11,1.82,2.13,1.82,2.14,1.83,2.09,1.8
F1,2024-11-02,St Etienne,Strasbourg,2,0,H,0,0,D,3.8,3.7,1.91,3.76,3.82,1.97,3.83,3.96,2.02,3.57,3.77,1.97,1.62,2.3,1.61,2.19,1.71,2.33,1.65,2.27,0.5,1.92,1.98,1.93,1.98,1.98,1.99,1.87,1.96,3.4,3.7,2.05,2.49,3.29,2.73,3.75,3.78,2.75,3.29,3.63,2.16,1.67,2.2,1.78,2.02,1.78,2.32,1.69,2.19,0.5,1.86,2.07,1.45,2.67,1.91,2.67,1.76,2.13
F1,2024-11-03,Toulouse,Reims,1,0,H,0,0,D,2.0,3.5,3.75,2.12,3.52,3.6,2.15,3.65,3.75,2.07,3.52,3.55,1.92,1.98,1.94,1.94,1.96,2.02,1.89,1.94,-0.25,1.75,2.05,1.83,2.08,1.85,2.13,1.79,2.05,1.9,3.5,4.2,1.93,3.59,4.31,1.97,3.68,4.47,1.9,3.56,4.19,2.01,1.89,2.05,1.87,2.06,1.94,1.99,1.85,-0.5,1.94,1.99,1.93,1.99,1.94,2.06,1.9,1.97
F1,2024-11-03,Auxerre,Rennes,4,0,H,2,0,H,3.5,3.6,2.05,3.51,3.59,2.13,3.6,3.66,2.15,3.45,3.57,2.09,1.8,2.0,1.8,2.09,1.87,2.12,1.79,2.06,0.25,2.08,1.82,2.07,1.85,2.11,1.85,2.03,1.8,3.4,3.6,2.05,3.53,3.59,2.14,3.54,3.7,2.18,3.4,3.59,2.11,1.8,2.0,1.8,2.12,1.9,2.19,1.76,2.09,0.25,2.09,1.84,2.07,1.86,2.11,1.91,2.04,1.83
F1,2024-11-03,Le Havre,Montpellier,1,0,H,0,0,D,2.2,3.5,3.2,2.28,3.37,3.37,2.29,3.56,3.37,2.21,3.44,3.26,1.9,2.0,1.9,1.99,1.94,2.01,1.86,1.97,-0.25,1.95,1.95,1.96,1.94,1.97,1.99,1.9,1.93,2.25,3.4,3.2,2.3,3.3,3.45,2.3,3.5,3.45,2.23,3.38,3.27,2.02,1.88,2.07,1.85,2.07,2.0,1.93,1.89,-0.25,1.98,1.95,1.97,1.95,1.98,1.97,1.92,1.92
F1,2024-11-03,Nantes,Marseille,1,2,A,1,1,D,3.7,3.5,2.05,3.74,3.5,2.08,3.95,3.63,2.08,3.74,3.52,2.01,1.97,1.93,1.97,1.92,2.0,1.96,1.93,1.9,0.5,1.87,2.03,1.88,2.03,1.89,2.05,1.85,2.02,3.5,3.4,2.1,3.54,3.44,2.2,3.86,3.52,2.2,3.48,3.39,2.14,1.91,1.99,1.94,1.96,1.94,2.03,1.88,1.94,0.25,2.05,1.88,2.03,1.89,2.13,1.9,2.02,1.84
F1,2024-11-08,Marseille,Auxerre,1,3,A,0,3,A,1.4,5.0,7.5,1.4,5.34,7.52,1.44,5.4,7.8,1.4,5.12,7.36,1.5,2.63,1.52,2.66,1.54,2.75,1.5,2.59,-1.25,1.85,2.05,1.87,2.06,1.89,2.08,1.83,2.01,1.44,4.75,6.5,1.45,5.06,6.92,1.5,5.1,7.0,1.45,4.91,6.61,1.53,2.5,1.55,2.6,1.57,2.66,1.52,2.55,-1.25,1.97,1.93,1.98,1.94,2.03,1.94,1.96,1.89
F1,2024-11-09,Strasbourg,Monaco,1,3,A,1,0,H,3.4,3.7,2.0,3.69,3.65,2.04,3.77,4.08,2.08,3.48,3.76,2.03,1.57,2.38,1.61,2.43,1.61,2.55,1.56,2.41,0.5,1.86,2.04,1.86,2.05,1.87,2.08,1.84,2.03,3.8,3.7,1.91,4.04,3.67,1.96,4.04,3.8,2.02,3.75,3.66,1.98,1.67,2.2,1.71,2.25,1.71,2.38,1.67,2.24,0.5,1.95,1.98,1.95,1.97,1.95,2.01,1.88,1.98
F1,2024-11-09,Lens,Nantes,3,2,H,1,1,D,1.6,3.9,5.75,1.61,4.02,5.99,1.65,4.12,6.2,1.61,3.94,5.86,2.07,1.83,2.07,1.83,2.08,1.87,2.02,1.82,-1.0,2.09,1.81,2.08,1.83,2.12,1.83,2.06,1.8,1.62,3.8,5.5,1.62,3.85,6.45,1.69,3.92,6.45,1.65,3.79,5.77,2.1,1.73,2.15,1.77,2.16,1.79,2.11,1.75,-0.75,1.82,2.11,1.79,2.13,1.86,2.13,1.82,2.04
F1,2024-11-09,Angers,Paris SG,2,4,A,0,4,A,12.0,6.25,1.22,11.51,6.59,1.24,13.0,7.02,1.27,11.59,6.49,1.24,1.4,3.0,1.45,2.82,1.45,3.05,1.4,2.89,1.75,2.03,1.87,2.02,1.87,2.05,1.91,1.99,1.84,10.0,5.75,1.27,11.43,6.02,1.28,13.0,6.7,1.3,11.08,6.15,1.26,1.5,2.63,1.51,2.62,1.51,2.88,1.48,2.67,1.75,1.9,2.03,1.91,1.99,2.03,2.04,1.91,1.94
F1,2024-11-10,Nice,Lille,2,2,D,0,1,A,2.55,3.2,2.9,2.55,3.26,3.0,2.57,3.46,3.01,2.52,3.26,2.9,2.1,1.73,2.13,1.78,2.16,1.81,2.09,1.76,0.0,1.8,2.1,1.81,2.13,1.85,2.13,1.79,2.07,2.25,3.25,3.3,2.37,3.31,3.3,2.4,3.37,3.36,2.35,3.26,3.19,2.07,1.83,2.08,1.84,2.13,1.85,2.05,1.8,-0.25,2.0,1.93,2.03,1.89,2.05,1.94,2.0,1.86
F1,2024-11-10,Le Havre,Reims,0,3,A,0,2,A,3.3,3.2,2.3,3.43,3.23,2.32,3.43,3.52,2.33,3.28,3.27,2.28,2.1,1.73,2.13,1.78,2.16,1.83,2.07,1.77,0.25,1.92,1.98,1.93,1.98,1.93,2.0,1.89,1.93,3.5,3.1,2.25,3.57,3.19,2.3,3.7,3.25,2.4,3.43,3.15,2.29,2.2,1.67,2.28,1.69,2.37,1.73,2.24,1.66,0.25,1.98,1.95,1.96,1.96,2.01,2.03,1.91,1.94
F1,2024-11-10,Montpellier,Brest,3,1,H,2,0,H,3.25,3.5,2.2,3.41,3.49,2.2,3.41,3.75,2.23,3.27,3.51,2.18,1.8,2.0,1.83,2.06,1.85,2.14,1.79,2.05,0.25,1.99,1.91,2.0,1.91,2.0,1.94,1.95,1.88,2.88,3.2,2.55,2.99,3.21,2.63,3.04,3.35,2.63,2.89,3.26,2.55,2.1,1.73,2.18,1.75,2.18,1.88,2.02,1.81,0.0,2.09,1.84,2.1,1.84,2.1,1.85,2.07,1.82
F1,2024-11-10,Rennes,Toulouse,0,2,A,0,2,A,2.15,3.4,3.4,2.24,3.37,3.44,2.24,3.54,3.5,2.18,3.38,3.4,2.0,1.8,2.1,1.79,2.12,1.84,2.05,1.79,-0.25,1.9,2.0,1.93,1.98,1.93,2.04,1.86,1.97,2.25,3.4,3.1,2.35,3.43,3.22,2.41,3.5,3.31,2.31,3.36,3.16,2.05,1.85,2.06,1.86,2.13,1.86,2.04,1.8,-0.25,2.02,1.91,2.03,1.9,2.05,1.94,1.97,1.88
F1,2024-11-10,Lyon,St Etienne,1,0,H,1,0,H,1.33,5.5,8.0,1.36,5.74,7.8,1.37,5.99,8.7,1.35,5.53,7.82,1.4,3.0,1.43,2.92,1.44,3.02,1.4,2.9,-1.5,1.93,1.97,1.94,1.96,1.98,2.0,1.92,1.92,1.3,5.75,8.5,1.34,5.91,9.06,1.35,6.01,9.3,1.32,5.78,8.75,1.4,3.0,1.41,3.04,1.43,3.15,1.4,2.99,-1.5,1.88,2.05,1.89,2.05,1.91,2.08,1.86,2.0
F1,2024-11-22,Monaco,Brest,3,2,H,2,0,H,1.5,4.33,6.5,1.53,4.41,6.54,1.57,4.55,6.6,1.52,4.38,6.3,1.73,2.1,1.78,2.13,1.79,2.19,1.75,2.12,-1.0,1.87,2.06,1.88,2.04,1.95,2.07,1.86,1.99,1.57,4.0,5.75,1.6,4.19,5.92,1.6,4.4,6.59,1.56,4.21,5.96,1.8,2.0,1.83,2.06,1.84,2.2,1.79,2.05,-1.0,2.04,1.89,2.03,1.89,2.04,1.98,1.95,1.91
F1,2024-11-22,Paris SG,Toulouse,3,0,H,1,0,H,1.36,5.5,7.0,1.37,5.48,8.39,1.43,5.67,8.89,1.36,5.4,7.89,1.5,2.63,1.51,2.69,1.52,2.75,1.48,2.63,-1.5,2.03,1.87,2.05,1.88,2.06,1.89,2.0,1.85,1.4,5.5,6.5,1.39,5.46,7.72,1.44,5.66,8.31,1.39,5.23,7.33,1.4,3.0,1.43,2.96,1.54,3.14,1.44,2.81,-1.25,1.78,2.03,1.82,2.09,1.92,2.11,1.82,2.03
F1,2024-11-23,Lens,Marseille,1,3,A,0,0,D,2.25,3.5,3.1,2.31,3.52,3.17,2.38,3.6,3.23,2.3,3.5,3.06,1.73,2.1,1.78,2.13,1.81,2.16,1.75,2.1,-0.25,2.0,1.9,2.0,1.91,2.04,1.92,1.97,1.86,2.25,3.4,3.2,2.35,3.37,3.27,2.37,3.55,3.31,2.29,3.43,3.15,1.92,1.98,1.93,1.98,1.93,2.12,1.85,1.98,-0.25,2.03,1.9,2.02,1.9,2.05,1.97,1.97,1.89
F1,2024-11-23,St Etienne,Montpellier,1,0,H,0,0,D,2.3,3.6,2.9,2.38,3.44,3.11,2.42,3.6,3.13,2.37,3.48,2.97,1.73,2.1,1.73,2.19,1.8,2.24,1.71,2.16,-0.25,2.04,1.86,2.06,1.86,2.06,1.88,2.01,1.82,2.45,3.3,2.88,2.47,3.38,3.06,2.47,3.43,3.19,2.39,3.33,3.06,1.86,2.04,1.88,2.03,1.92,2.09,1.86,1.97,-0.25,2.08,1.73,2.13,1.82,2.13,1.89,2.04,1.82
F1,2024-11-23,Reims,Lyon,1,1,D,0,1,A,2.75,3.75,2.35,2.86,3.77,2.39,2.94,3.83,2.48,2.81,3.67,2.39,1.57,2.38,1.62,2.41,1.65,2.45,1.59,2.38,0.25,1.82,2.08,1.83,2.09,1.83,2.16,1.78,2.07,3.1,3.75,2.15,3.13,3.77,2.24,3.29,3.83,2.33,3.06,3.71,2.19,1.53,2.5,1.57,2.55,1.61,2.56,1.54,2.46,0.25,2.0,1.93,2.0,1.93,2.04,1.95,1.94,1.9
F1,2024-11-24,Lille,Rennes,1,0,H,1,0,H,1.91,3.6,3.9,1.93,3.55,4.23,1.98,3.6,4.54,1.93,3.52,4.03,1.92,1.98,1.9,1.99,1.95,2.0,1.88,1.94,-0.5,1.95,1.95,1.94,1.96,1.98,1.98,1.94,1.92,1.9,3.4,4.33,1.95,3.41,4.48,1.95,3.69,4.6,1.89,3.47,4.4,2.1,1.73,2.18,1.75,2.19,1.89,2.08,1.77,-0.5,1.95,1.98,1.96,1.96,1.96,2.01,1.9,1.96
F1,2024-11-24,Auxerre,Angers,1,0,H,0,0,D,1.8,3.7,4.33,1.8,3.72,4.72,1.89,3.98,4.75,1.81,3.72,4.36,1.8,2.0,1.8,2.09,1.84,2.12,1.78,2.06,-0.75,2.05,1.85,2.04,1.87,2.11,1.87,2.02,1.81,1.75,3.6,4.75,1.78,3.8,4.93,1.84,3.88,5.13,1.76,3.72,4.72,1.84,2.06,1.83,2.07,1.89,2.13,1.79,2.04,-0.75,2.03,1.9,2.0,1.93,2.04,1.93,1.97,1.87
F1,2024-11-24,Nantes,Le Havre,0,2,A,0,1,A,1.85,3.4,4.5,1.91,3.26,4.88,2.0,3.46,4.92,1.9,3.31,4.54,2.3,1.62,2.42,1.61,2.46,1.64,2.35,1.6,-0.5,1.9,2.0,1.92,1.99,1.92,2.02,1.89,1.96,1.9,3.3,4.33,1.94,3.3,4.7,1.98,3.47,5.13,1.91,3.28,4.56,2.38,1.57,2.45,1.61,2.46,1.62,2.39,1.59,-0.5,1.95,1.98,1.95,1.97,1.97,1.98,1.93,1.93
F1,2024-11-24,Nice,Strasbourg,2,1,H,0,1,A,1.75,3.6,4.75,1.82,3.76,4.53,1.87,3.98,4.75,1.81,3.73,4.37,1.8,2.0,1.81,2.08,1.85,2.11,1.79,2.04,-0.75,2.05,1.85,2.08,1.84,2.08,1.89,2.01,1.82,1.75,3.75,4.5,1.81,3.88,4.54,1.82,4.0,4.82,1.77,3.87,4.5,1.67,2.2,1.71,2.25,1.76,2.28,1.69,2.2,-0.75,2.06,1.87,2.05,1.88,2.08,1.91,1.99,1.86
F1,2024-11-29,Reims,Lens,0,2,A,0,1,A,3.1,3.3,2.3,3.23,3.31,2.38,3.29,3.41,2.4,3.14,3.32,2.34,2.0,1.9,2.0,1.89,2.04,1.92,1.96,1.87,0.25,1.89,2.04,1.87,2.04,1.9,2.04,1.85,1.99,3.2,3.4,2.25,3.25,3.31,2.36,3.26,3.46,2.38,3.17,3.3,2.33,2.03,1.87,1.99,1.89,2.04,1.92,1.96,1.87,0.25,1.9,2.03,1.88,2.03,1.9,2.05,1.86,1.99
F1,2024-11-30,Rennes,St Etienne,5,0,H,2,0,H,1.48,4.75,6.0,1.5,4.6,6.52,1.52,4.75,7.0,1.48,4.56,6.54,1.73,2.1,1.79,2.09,1.82,2.17,1.76,2.09,-1.0,1.75,2.05,1.83,2.1,1.83,2.13,1.78,2.08,1.55,4.33,5.5,1.59,4.15,6.19,1.67,4.45,6.2,1.58,4.12,5.88,2.01,1.89,2.02,1.88,2.04,2.0,1.95,1.88,-1.0,2.01,1.89,2.03,1.89,2.06,1.9,2.01,1.85
F1,2024-11-30,Brest,Strasbourg,3,1,H,2,0,H,2.2,3.4,3.3,2.26,3.52,3.26,2.29,3.64,3.3,2.23,3.49,3.2,1.9,2.0,1.92,1.97,1.95,2.02,1.88,1.94,-0.25,1.98,1.92,1.96,1.94,1.99,1.95,1.92,1.9,2.1,3.4,3.5,2.13,3.41,3.75,2.2,3.5,3.75,2.13,3.39,3.55,2.0,1.9,2.01,1.9,2.02,2.0,1.95,1.88,-0.25,1.83,2.07,1.84,2.1,1.87,2.1,1.83,2.04
F1,2024-11-30,Paris SG,Nantes,1,1,D,1,1,D,1.22,7.0,11.0,1.21,7.29,12.11,1.23,7.8,14.7,1.21,7.07,12.18,1.4,3.0,1.42,2.92,1.45,3.0,1.41,2.89,-2.0,2.03,1.87,2.03,1.86,2.07,1.89,2.01,1.83,1.17,7.5,15.0,1.16,8.38,17.83,1.21,8.38,18.5,1.17,7.66,15.79,1.44,2.75,1.44,2.88,1.52,3.05,1.45,2.76,-2.0,1.78,2.03,1.83,2.09,1.97,2.09,1.88,1.98
F1,2024-12-01,Montpellier,Lille,2,2,D,1,1,D,4.5,3.6,1.8,4.48,3.68,1.85,4.5,3.99,1.92,4.26,3.69,1.83,1.73,2.1,1.74,2.17,1.78,2.21,1.72,2.14,0.75,1.78,2.03,1.81,2.09,1.83,2.11,1.79,2.04,4.5,3.5,1.8,4.53,3.63,1.88,5.16,3.88,1.88,4.6,3.67,1.8,1.88,2.02,1.88,2.03,1.93,2.13,1.83,2.0,0.75,1.75,2.05,1.79,2.14,1.96,2.16,1.82,2.04
F1,2024-12-01,Le Havre,Angers,0,1,A,0,0,D,2.3,3.2,3.3,2.37,3.05,3.53,2.37,3.44,3.53,2.3,3.16,3.34,2.2,1.67,2.26,1.69,2.29,1.73,2.21,1.68,-0.25,2.0,1.9,2.0,1.9,2.01,1.91,1.94,1.88,2.3,3.1,3.5,2.35,3.09,3.6,2.47,3.14,3.6,2.37,3.05,3.33,2.25,1.57,2.4,1.63,2.47,1.64,2.32,1.61,-0.25,1.99,1.94,1.99,1.93,2.08,1.94,1.99,1.85
F1,2024-12-01,Lyon,Nice,4,1,H,3,1,H,1.91,3.8,3.7,1.93,3.87,3.88,1.99,3.98,3.88,1.94,3.79,3.69,1.67,2.2,1.67,2.3,1.71,2.32,1.65,2.21,-0.5,1.95,1.95,1.93,1.97,1.98,1.98,1.94,1.92,1.67,4.33,4.5,1.71,4.24,4.79,1.83,4.33,4.8,1.72,4.16,4.48,1.46,2.57,1.54,2.62,1.56,2.65,1.52,2.56,-0.75,1.89,2.04,1.89,2.03,2.0,2.06,1.88,1.97
F1,2024-12-01,Toulouse,Auxerre,2,0,H,2,0,H,1.7,3.6,5.25,1.73,3.84,5.04,1.78,4.1,5.25,1.71,3.86,4.86,1.73,2.1,1.79,2.1,1.82,2.16,1.75,2.1,-0.75,1.91,1.99,1.94,1.96,1.94,2.02,1.89,1.93,1.65,3.7,5.5,1.68,3.91,5.61,1.72,3.95,5.7,1.68,3.85,5.33,1.68,2.05,1.81,2.09,1.85,2.14,1.77,2.03,-0.75,1.86,2.07,1.87,2.07,1.91,2.08,1.85,2.01
F1,2024-12-01,Marseille,Monaco,2,1,H,0,1,A,2.63,3.4,2.63,2.66,3.67,2.6,2.74,3.75,2.66,2.61,3.59,2.58,1.57,2.38,1.61,2.42,1.66,2.47,1.59,2.39,0.0,1.97,1.93,1.97,1.93,2.0,1.94,1.95,1.91,2.63,3.3,2.63,2.65,3.51,2.74,2.71,3.6,2.75,2.61,3.45,2.67,1.73,2.1,1.73,2.21,1.75,2.44,1.68,2.22,0.0,1.92,2.01,1.93,2.0,1.93,2.02,1.91,1.96
F1,2024-12-06,Lille,Brest,3,1,H,2,0,H,1.65,3.6,6.0,1.68,3.82,5.81,1.77,3.92,6.0,1.67,3.74,5.59,2.1,1.73,2.11,1.79,2.13,1.83,2.07,1.78,-0.75,1.88,2.05,1.88,2.05,1.93,2.06,1.86,2.0,1.62,3.7,6.25,1.65,3.76,6.3,1.77,3.82,6.3,1.67,3.71,5.67,2.07,1.83,2.05,1.87,2.11,1.88,2.02,1.82,-0.75,1.83,2.1,1.84,2.1,1.93,2.1,1.85,2.01
F1,2024-12-06,Auxerre,Paris SG,0,0,D,0,0,D,9.0,5.75,1.3,8.95,5.95,1.32,9.3,6.2,1.33,8.86,5.88,1.31,1.36,3.2,1.39,3.12,1.39,3.3,1.37,3.11,1.75,1.88,2.05,1.86,2.05,1.88,2.09,1.83,2.02,10.0,5.75,1.27,9.79,6.01,1.3,10.5,6.3,1.33,9.61,5.97,1.29,1.4,3.0,1.41,3.01,1.42,3.35,1.38,3.06,1.75,1.93,2.0,1.91,2.0,1.96,2.0,1.88,1.97
F1,2024-12-07,Monaco,Toulouse,2,0,H,0,0,D,1.7,3.8,5.0,1.71,4.05,4.84,1.74,4.16,5.0,1.71,3.97,4.76,1.73,2.1,1.72,2.2,1.75,2.28,1.7,2.17,-0.75,1.92,1.98,1.93,1.98,1.93,1.99,1.9,1.95,1.85,3.75,4.0,1.89,3.71,4.31,1.92,4.0,4.5,1.87,3.76,4.1,1.8,2.0,1.8,2.1,1.83,2.2,1.76,2.09,-0.5,1.9,2.0,1.9,2.02,1.93,2.03,1.89,1.97
F1,2024-12-07,Nice,Le Havre,2,1,H,0,0,D,1.6,3.75,6.0,1.63,3.9,6.06,1.65,4.0,6.25,1.6,3.92,6.04,1.98,1.92,2.0,1.89,2.01,1.95,1.95,1.88,-1.0,2.06,1.84,2.09,1.83,2.11,1.88,2.02,1.83,1.57,3.8,6.25,1.62,3.99,6.2,1.62,4.1,6.5,1.6,3.95,6.03,1.9,2.0,1.93,1.98,2.0,2.02,1.91,1.91,-1.0,2.04,1.86,2.07,1.86,2.09,1.88,2.02,1.83
F1,2024-12-07,Angers,Lyon,0,3,A,0,1,A,5.0,4.0,1.67,4.93,4.24,1.67,5.0,4.4,1.7,4.82,4.15,1.67,1.62,2.3,1.61,2.41,1.62,2.43,1.59,2.37,0.75,2.05,1.85,2.06,1.85,2.07,1.87,2.01,1.84,5.25,4.1,1.62,5.29,4.26,1.65,5.56,4.4,1.7,5.13,4.21,1.63,1.62,2.3,1.64,2.37,1.65,2.45,1.6,2.37,1.0,1.84,2.06,1.84,2.1,1.86,2.11,1.82,2.05
F1,2024-12-08,Lens,Montpellier,2,0,H,1,0,H,1.36,5.25,7.5,1.34,5.44,9.35,1.39,5.6,9.35,1.36,5.15,8.4,1.57,2.38,1.59,2.46,1.61,2.48,1.58,2.4,-1.5,2.06,1.84,2.07,1.82,2.09,1.89,2.03,1.82,1.4,4.75,7.5,1.41,4.82,8.5,1.43,5.0,8.7,1.4,4.85,7.99,1.67,2.2,1.71,2.24,1.73,2.33,1.67,2.23,-1.25,1.91,1.99,1.93,1.99,1.93,2.05,1.88,1.97
F1,2024-12-08,Nantes,Rennes,1,0,H,0,0,D,3.0,3.25,2.4,3.16,3.15,2.51,3.16,3.25,2.54,3.04,3.16,2.47,2.2,1.67,2.25,1.7,2.25,1.73,2.19,1.68,0.25,1.74,2.04,1.8,2.14,1.84,2.14,1.77,2.08,3.1,3.1,2.45,3.31,3.04,2.52,3.72,3.2,2.52,3.3,3.07,2.4,2.5,1.53,2.6,1.55,2.61,1.67,2.49,1.55,0.25,1.8,2.1,1.82,2.13,1.98,2.14,1.84,2.01
F1,2024-12-08,Strasbourg,Reims,0,0,D,0,0,D,2.38,3.3,3.0,2.44,3.5,2.96,2.45,3.55,3.05,2.38,3.46,2.92,1.73,2.1,1.76,2.14,1.77,2.17,1.74,2.11,-0.25,2.09,1.81,2.12,1.81,2.12,1.83,2.04,1.8,2.4,3.25,3.0,2.5,3.46,2.96,2.6,3.55,3.02,2.49,3.4,2.86,1.85,2.05,1.83,2.07,1.87,2.17,1.79,2.05,0.0,1.7,2.1,1.81,2.15,1.85,2.17,1.79,2.09
F1,2024-12-08,St Etienne,Marseille,0,2,A,0,1,A,5.25,3.9,1.65,5.13,4.09,1.68,5.5,4.2,1.7,5.02,4.03,1.66,1.73,2.1,1.75,2.16,1.78,2.19,1.73,2.12,0.75,2.05,1.85,2.05,1.86,2.08,1.86,2.01,1.83,6.0,4.2,1.53,6.0,4.25,1.59,6.64,4.41,1.67,5.82,4.22,1.57,1.73,2.1,1.75,2.16,1.78,2.2,1.72,2.14,1.0,1.91,1.99,1.92,2.01,2.05,2.04,1.9,1.96
F1,2024-12-13,Toulouse,St Etienne,2,1,H,0,0,D,1.36,5.0,8.5,1.39,5.01,8.81,1.42,5.21,9.0,1.38,4.92,8.38,1.73,2.1,1.74,2.2,1.78,2.27,1.71,2.17,-1.25,1.85,2.05,1.88,2.05,1.94,2.08,1.84,1.99,1.44,4.5,7.5,1.46,4.54,7.95,1.48,5.0,8.62,1.41,4.65,7.85,1.8,2.0,1.81,2.08,1.9,2.22,1.75,2.08,-1.25,2.02,1.88,2.04,1.88,2.06,2.09,1.92,1.92
F1,2024-12-14,Marseille,Lille,1,1,D,1,0,H,2.15,3.5,3.3,2.18,3.5,3.46,2.21,3.6,3.5,2.17,3.47,3.34,1.89,2.01,1.87,2.02,1.91,2.06,1.86,1.96,-0.25,1.89,2.01,1.88,2.02,1.91,2.03,1.85,1.97,2.05,3.5,3.6,2.1,3.52,3.73,2.25,3.57,3.73,2.09,3.43,3.56,1.92,1.98,1.93,1.97,1.95,2.0,1.9,1.91,-0.25,1.75,2.05,1.81,2.12,1.84,2.14,1.79,2.06
F1,2024-12-14,Auxerre,Lens,2,2,D,1,2,A,3.8,3.6,1.95,4.06,3.51,1.99,4.16,3.73,1.99,3.86,3.55,1.96,1.9,2.0,1.89,2.0,1.94,2.05,1.87,1.96,0.5,1.91,1.99,1.91,2.0,1.95,2.0,1.88,1.97,4.5,3.9,1.75,4.81,3.84,1.78,4.81,3.97,2.05,4.47,3.71,1.79,1.8,2.0,1.82,2.09,1.83,2.12,1.8,2.02,0.75,1.92,2.01,1.91,2.02,1.92,2.05,1.85,2.0
F1,2024-12-14,Reims,Monaco,0,0,D,0,0,D,3.7,3.6,2.0,3.81,3.63,2.01,3.81,3.8,2.08,3.63,3.6,2.02,1.73,2.1,1.74,2.19,1.77,2.24,1.71,2.15,0.5,1.87,2.03,1.88,2.02,1.89,2.06,1.84,2.02,3.3,3.4,2.2,3.47,3.4,2.24,3.68,3.7,2.25,3.3,3.44,2.19,1.87,2.03,1.88,2.04,1.99,2.28,1.77,2.07,0.25,2.0,1.93,1.99,1.93,2.15,1.96,1.96,1.89
F1,2024-12-15,Montpellier,Nice,2,2,D,1,2,A,2.9,3.6,2.3,2.96,3.55,2.42,3.06,3.6,2.46,2.93,3.5,2.35,1.73,2.1,1.76,2.14,1.81,2.16,1.75,2.09,0.25,1.83,2.07,1.83,2.1,1.85,2.1,1.81,2.02,2.7,3.75,2.38,2.86,3.78,2.42,3.3,3.85,2.42,2.9,3.69,2.3,1.57,2.38,1.6,2.49,1.73,2.5,1.58,2.39,0.25,1.75,2.05,1.83,2.12,1.89,2.17,1.82,2.02
F1,2024-12-15,Brest,Nantes,4,1,H,2,0,H,2.05,3.4,3.6,2.13,3.32,3.79,2.17,3.47,3.95,2.09,3.32,3.67,2.2,1.67,2.33,1.65,2.33,1.71,2.24,1.65,-0.25,1.83,2.07,1.83,2.09,1.83,2.13,1.78,2.05,2.25,3.2,3.4,2.33,3.11,3.61,2.47,3.4,3.8,2.27,3.11,3.48,2.5,1.53,2.55,1.56,2.55,1.65,2.45,1.55,-0.25,1.95,1.98,1.97,1.95,2.0,2.01,1.93,1.91
F1,2024-12-15,Le Havre,Strasbourg,0,3,A,0,2,A,3.1,3.2,2.4,3.19,3.16,2.48,3.19,3.44,2.55,3.03,3.21,2.44,2.02,1.88,2.02,1.87,2.04,1.9,1.99,1.83,0.25,1.8,2.1,1.81,2.12,1.81,2.17,1.77,2.07,3.3,3.2,2.25,3.54,3.19,2.31,3.55,3.3,2.5,3.36,3.17,2.28,2.1,1.73,2.12,1.79,2.14,1.82,2.05,1.77,0.25,1.94,1.99,1.95,1.97,1.97,1.99,1.91,1.93
F1,2024-12-15,Rennes,Angers,2,0,H,1,0,H,1.62,4.0,5.5,1.64,3.98,5.69,1.69,4.09,5.69,1.62,3.93,5.45,1.98,1.92,1.98,1.91,2.0,1.95,1.93,1.88,-0.75,1.83,2.07,1.83,2.1,1.85,2.13,1.8,2.03,1.65,3.9,5.5,1.66,3.8,6.0,1.67,4.2,6.14,1.62,3.86,5.8,2.1,1.73,2.08,1.8,2.14,1.91,2.04,1.78,-0.75,1.87,2.06,1.86,2.07,1.87,2.12,1.81,2.05
F1,2024-12-15,Paris SG,Lyon,3,1,H,2,1,H,1.4,6.0,5.75,1.41,5.59,6.72,1.44,6.0,6.92,1.4,5.44,6.45,1.29,3.75,1.33,3.32,1.32,3.75,1.29,3.48,-1.5,2.03,1.87,2.02,1.89,2.07,1.96,1.99,1.85,1.38,5.5,6.5,1.35,5.65,7.0,1.43,6.0,8.0,1.37,5.51,7.11,1.36,3.2,1.36,3.27,1.37,3.35,1.34,3.19,-1.5,2.05,1.88,1.93,1.88,2.07,2.0,1.96,1.89
F1,2024-12-18,Monaco,Paris SG,2,4,A,0,1,A,4.0,3.8,1.85,4.05,3.83,1.9,4.05,4.06,1.93,3.81,3.87,1.89,1.53,2.5,1.58,2.47,1.58,2.6,1.53,2.48,0.5,2.0,1.9,2.0,1.91,2.03,1.93,1.97,1.89,4.5,3.9,1.73,4.43,4.1,1.79,4.62,4.1,1.9,4.24,3.95,1.78,1.53,2.5,1.57,2.52,1.62,2.63,1.54,2.48,0.75,1.9,2.03,1.92,2.01,1.93,2.05,1.86,1.98
F1,2025-01-03,Nice,Rennes,3,2,H,3,1,H,2.2,3.3,3.4,2.22,3.42,3.51,2.25,3.52,3.51,2.19,3.35,3.39,1.97,1.93,1.98,1.93,2.02,1.94,1.94,1.87,-0.25,1.91,2.02,1.92,2.01,1.92,2.02,1.87,1.95,2.38,3.2,3.2,2.42,3.25,3.26,2.42,3.32,3.38,2.36,3.21,3.15,2.1,1.73,2.17,1.76,2.24,1.82,2.07,1.76,-0.25,2.08,1.85,2.07,1.86,2.08,1.89,2.0,1.84
F1,2025-01-04,St Etienne,Reims,3,1,H,0,1,A,3.6,3.3,2.1,3.59,3.4,2.17,3.6,3.63,2.17,3.5,3.36,2.13,2.03,1.87,2.02,1.87,2.04,1.9,1.99,1.83,0.25,2.05,1.85,2.04,1.87,2.05,1.87,2.0,1.82,3.4,3.4,2.15,3.58,3.48,2.17,3.79,3.56,2.19,3.48,3.44,2.11,1.87,2.06,1.88,2.04,1.9,2.06,1.85,1.97,0.25,2.05,1.88,2.06,1.88,2.13,1.89,2.02,1.82
F1,2025-01-04,Lille,Nantes,1,1,D,1,0,H,1.5,4.33,6.25,1.51,4.41,6.75,1.59,4.41,6.75,1.53,4.16,6.35,2.01,1.89,1.98,1.91,2.01,1.94,1.93,1.87,-1.0,1.89,2.01,1.88,2.03,1.97,2.03,1.89,1.93,1.5,4.33,6.0,1.52,4.26,7.28,1.58,4.47,7.28,1.51,4.19,6.59,2.01,1.92,2.0,1.91,2.02,2.0,1.94,1.87,-1.0,1.88,2.05,1.88,2.05,1.96,2.1,1.85,1.99
F1,2025-01-04,Lyon,Montpellier,1,0,H,0,0,D,1.33,5.5,8.0,1.34,5.81,8.44,1.37,5.89,8.9,1.33,5.49,8.2,1.4,3.0,1.4,3.04,1.4,3.1,1.39,2.93,-1.5,1.91,1.99,1.92,1.99,1.95,2.0,1.89,1.95,1.36,5.5,7.5,1.36,5.75,8.06,1.38,6.22,8.5,1.35,5.53,7.78,1.36,3.2,1.35,3.23,1.38,3.58,1.33,3.29,-1.5,1.97,1.96,1.96,1.96,1.97,2.06,1.89,1.95
F1,2025-01-05,Angers,Brest,2,0,H,1,0,H,3.2,3.3,2.3,3.35,3.29,2.32,3.37,3.39,2.4,3.21,3.22,2.31,2.2,1.67,2.23,1.71,2.25,1.75,2.17,1.68,0.25,1.89,2.01,1.92,1.99,1.92,2.01,1.85,1.95,3.25,3.2,2.3,3.44,3.14,2.39,3.65,3.42,2.39,3.35,3.17,2.28,2.38,1.57,2.44,1.62,2.44,1.71,2.29,1.63,0.25,1.87,2.06,1.89,2.03,2.02,2.06,1.9,1.95
F1,2025-01-05,Lens,Toulouse,0,1,A,0,0,D,1.91,3.4,4.33,1.98,3.59,3.99,1.99,3.73,4.33,1.94,3.48,4.0,2.06,1.84,2.07,1.83,2.08,1.87,2.01,1.8,-0.5,1.98,1.92,1.99,1.92,1.99,1.92,1.94,1.9,1.95,3.5,3.9,2.02,3.54,3.98,2.07,3.58,4.16,2.0,3.44,3.81,1.95,1.95,1.95,1.95,1.99,1.95,1.93,1.88,-0.5,2.03,1.9,2.03,1.9,2.05,1.9,2.01,1.85
F1,2025-01-05,Strasbourg,Auxerre,3,1,H,1,1,D,1.85,3.6,4.2,1.88,3.79,4.17,1.91,4.06,4.2,1.87,3.72,3.98,1.67,2.2,1.71,2.22,1.75,2.26,1.68,2.17,-0.5,1.89,2.01,1.89,2.02,1.92,2.02,1.88,1.96,1.8,3.9,4.1,1.85,3.89,4.33,1.88,3.99,4.4,1.81,3.83,4.16,1.62,2.3,1.66,2.33,1.67,2.41,1.62,2.29,-0.5,1.78,2.03,1.85,2.08,1.85,2.11,1.82,2.02
F1,2025-01-05,Marseille,Le Havre,5,1,H,3,0,H,1.3,6.0,8.0,1.3,5.77,10.21,1.34,6.0,11.0,1.3,5.48,9.62,1.62,2.3,1.65,2.33,1.69,2.37,1.62,2.28,-1.5,1.91,1.99,1.92,1.99,1.95,2.0,1.9,1.92,1.29,5.25,9.5,1.32,5.49,11.15,1.34,5.74,11.5,1.3,5.33,10.41,1.73,2.1,1.79,2.12,1.79,2.28,1.73,2.11,-1.5,1.93,2.0,1.95,1.97,1.96,2.0,1.92,1.92
F1,2025-01-10,Nantes,Monaco,2,2,D,1,0,H,5.0,3.75,1.73,4.95,3.87,1.74,5.02,3.93,1.78,4.76,3.75,1.74,1.89,2.01,1.9,1.99,1.94,2.04,1.87,1.95,0.75,1.95,1.98,1.94,1.96,1.97,2.01,1.89,1.93,3.6,3.25,2.15,3.84,3.31,2.15,4.93,3.85,2.15,3.87,3.33,2.04,2.1,1.73,2.15,1.77,2.19,1.98,2.07,1.76,0.5,1.73,2.08,1.79,2.15,1.91,2.15,1.81,2.06
F1,2025-01-10,Auxerre,Lille,0,0,D,0,0,D,4.6,3.8,1.75,4.98,3.75,1.76,4.98,3.93,1.8,4.61,3.74,1.76,1.8,2.0,1.82,2.07,1.85,2.11,1.78,2.04,0.75,1.9,2.03,1.93,1.98,1.93,2.03,1.87,1.95,5.0,3.7,1.73,5.02,3.64,1.8,5.15,3.77,1.8,4.86,3.65,1.75,1.95,1.95,1.98,1.93,1.99,2.0,1.9,1.91,0.75,1.94,1.99,1.88,2.04,1.94,2.04,1.88,1.97
F1,2025-01-11,Brest,Lyon,2,1,H,2,1,H,3.1,3.5,2.25,3.12,3.6,2.3,3.2,3.75,2.3,3.06,3.55,2.25,1.73,2.1,1.73,2.19,1.77,2.22,1.7,2.15,0.25,1.91,1.99,1.91,2.0,1.91,2.0,1.88,1.93,3.5,3.6,2.05,3.7,3.46,2.13,3.7,3.67,2.27,3.46,3.51,2.1,1.9,2.03,1.87,2.04,1.9,2.38,1.78,2.07,0.25,2.05,1.75,2.1,1.84,2.16,1.88,2.02,1.81
F1,2025-01-11,Reims,Nice,2,4,A,1,2,A,2.6,3.5,2.6,2.72,3.41,2.68,2.79,3.6,2.72,2.64,3.42,2.63,1.8,2.0,1.82,2.07,1.86,2.1,1.79,2.03,0.0,1.95,1.95,1.97,1.93,1.99,1.95,1.94,1.92,2.8,3.3,2.5,2.93,3.3,2.61,2.98,3.4,2.61,2.85,3.27,2.53,1.93,2.0,1.93,1.98,1.94,2.01,1.88,1.93,0.0,2.09,1.84,2.08,1.85,2.12,1.85,2.05,1.82
F1,2025-01-11,Rennes,Marseille,1,2,A,1,1,D,3.0,3.25,2.4,3.1,3.35,2.43,3.15,3.44,2.46,2.99,3.3,2.4,1.98,1.92,1.97,1.92,1.99,1.96,1.92,1.88,0.25,1.83,2.07,1.83,2.09,1.83,2.09,1.79,2.04,3.2,3.2,2.3,3.28,3.33,2.37,3.49,3.33,2.37,3.24,3.24,2.31,2.08,1.85,2.09,1.82,2.09,1.87,2.02,1.81,0.25,1.89,2.04,1.89,2.03,1.92,2.04,1.87,1.96
F1,2025-01-12,Le Havre,Lens,1,2,A,1,1,D,5.5,3.8,1.62,6.04,3.82,1.64,6.04,3.93,1.71,5.53,3.77,1.65,2.05,1.85,2.08,1.83,2.1,1.86,2.01,1.81,0.75,2.06,1.84,2.09,1.83,2.11,1.87,2.02,1.81,6.0,4.1,1.55,6.61,4.11,1.57,6.61,4.2,1.6,6.21,3.99,1.56,1.95,1.95,1.94,1.96,1.99,1.96,1.92,1.9,1.0,1.94,1.99,1.93,1.98,1.94,2.01,1.88,1.96
F1,2025-01-12,Montpellier,Angers,1,3,A,0,1,A,2.1,3.5,3.4,2.14,3.47,3.6,2.17,3.6,3.6,2.1,3.46,3.45,1.95,1.95,1.95,1.93,1.97,2.0,1.89,1.91,-0.25,1.83,2.07,1.85,2.07,1.87,2.09,1.81,2.03,2.0,3.5,3.7,2.09,3.38,3.92,2.16,3.57,3.92,2.08,3.37,3.63,2.05,1.85,2.06,1.85,2.06,1.91,2.0,1.82,-0.5,2.08,1.85,2.1,1.83,2.1,1.85,2.08,1.79
F1,2025-01-12,Toulouse,Strasbourg,1,2,A,1,2,A,1.75,3.8,4.5,1.77,3.93,4.61,1.82,3.98,4.66,1.77,3.82,4.43,1.84,2.06,1.81,2.07,1.85,2.11,1.78,2.05,-0.75,2.0,1.9,2.01,1.9,2.02,1.92,1.97,1.86,1.95,3.5,3.8,2.01,3.47,4.13,2.08,3.72,4.32,1.96,3.5,3.91,1.98,1.92,1.97,1.93,2.0,2.0,1.9,1.92,-0.5,2.03,1.9,2.02,1.91,2.08,1.95,1.98,1.87
F1,2025-01-12,Paris SG,St Etienne,2,1,H,2,0,H,1.09,9.5,23.0,1.09,12.5,20.88,1.11,13.9,31.0,1.09,11.39,22.98,1.25,4.0,,,1.25,4.6,1.22,4.12,-2.75,2.0,1.9,1.99,1.88,2.0,1.94,1.95,1.87,1.1,9.5,19.0,1.11,10.68,21.83,1.12,12.83,23.0,1.1,10.63,20.31,1.2,4.5,,,1.22,4.8,1.19,4.44,-2.75,2.02,1.91,2.01,1.88,2.05,2.03,1.97,1.87
F1,2025-01-17,Montpellier,Monaco,2,1,H,0,1,A,5.25,4.5,1.55,5.6,4.59,1.57,5.6,4.71,1.62,5.3,4.47,1.57,1.5,2.63,1.5,2.69,1.5,2.78,1.46,2.66,1.0,2.01,1.92,1.99,1.93,2.02,1.93,1.94,1.89,5.0,4.33,1.6,5.38,4.36,1.63,5.38,4.5,1.64,5.09,4.3,1.6,1.5,2.63,1.51,2.65,1.51,2.75,1.48,2.63,1.0,1.9,2.03,1.89,2.03,1.94,2.03,1.87,1.98
F1,2025-01-17,Lille,Nice,2,1,H,0,1,A,2.1,3.4,3.6,2.1,3.48,3.79,2.11,3.73,3.95,2.05,3.45,3.7,1.99,1.91,1.97,1.93,1.99,1.96,1.93,1.88,-0.5,2.05,1.75,2.11,1.83,2.09,1.86,2.03,1.81,1.91,3.5,4.0,1.97,3.49,4.26,2.23,3.6,4.26,1.98,3.42,3.96,2.02,1.88,2.02,1.88,2.04,1.93,1.95,1.86,-0.5,1.98,1.95,1.98,1.94,2.01,1.95,1.98,1.88
F1,2025-01-18,Lens,Paris SG,1,2,A,1,0,H,4.5,3.9,1.73,4.59,4.28,1.71,4.6,4.45,1.77,4.34,4.12,1.72,1.53,2.5,1.52,2.62,1.56,2.62,1.52,2.49,0.75,1.98,1.92,2.0,1.9,2.0,1.95,1.93,1.88,3.75,3.6,1.9,4.05,3.79,1.93,4.1,4.19,1.93,3.87,3.87,1.87,1.62,2.3,1.65,2.36,1.65,2.6,1.54,2.47,0.5,1.95,1.95,1.98,1.93,2.0,1.95,1.97,1.88
F1,2025-01-18,Rennes,Brest,1,2,A,0,1,A,2.0,3.4,3.9,2.06,3.38,3.97,2.07,3.58,4.2,2.01,3.36,3.88,2.2,1.67,2.24,1.7,2.24,1.77,2.14,1.7,-0.5,2.03,1.87,2.06,1.85,2.06,1.88,2.01,1.84,1.95,3.2,4.2,2.03,3.26,4.34,2.05,3.52,4.34,2.0,3.22,4.14,2.5,1.53,2.5,1.58,2.5,1.7,2.39,1.58,-0.5,2.0,1.9,2.04,1.88,2.05,1.93,2.0,1.84
F1,2025-01-18,Lyon,Toulouse,0,0,D,0,0,D,1.85,3.9,4.0,1.88,3.93,4.02,1.9,4.06,4.25,1.85,3.85,3.96,1.73,2.1,1.71,2.22,1.76,2.24,1.69,2.15,-0.5,1.87,2.03,1.88,2.02,1.9,2.06,1.85,1.99,1.75,4.0,4.33,1.79,3.99,4.54,1.92,4.0,4.54,1.8,3.86,4.22,1.67,2.2,1.72,2.22,1.75,2.25,1.69,2.16,-0.75,2.01,1.89,2.02,1.91,2.13,1.91,2.02,1.83
F1,2025-01-19,St Etienne,Nantes,1,1,D,0,1,A,2.45,3.25,2.9,2.58,3.28,2.94,2.63,3.35,2.97,2.52,3.22,2.88,2.1,1.73,2.16,1.75,2.18,1.8,2.08,1.75,0.0,1.81,2.09,1.83,2.09,1.87,2.09,1.8,2.06,2.9,3.3,2.45,3.1,3.32,2.48,3.1,3.38,2.55,2.98,3.22,2.46,2.0,1.8,2.09,1.83,2.14,1.87,2.04,1.79,0.25,1.73,2.08,1.82,2.13,1.82,2.2,1.75,2.1
F1,2025-01-19,Angers,Auxerre,2,0,H,1,0,H,2.4,3.2,3.0,2.51,3.24,3.06,2.51,3.52,3.06,2.44,3.25,2.95,2.05,1.85,2.07,1.83,2.08,1.87,2.01,1.81,-0.25,2.09,1.81,2.15,1.79,2.15,1.81,2.07,1.76,2.25,3.2,3.25,2.36,3.25,3.39,2.36,3.36,3.48,2.29,3.24,3.26,2.1,1.73,2.18,1.75,2.18,1.87,2.04,1.78,-0.25,2.02,1.91,2.01,1.91,2.02,1.94,1.95,1.88
F1,2025-01-19,Reims,Le Havre,1,1,D,1,0,H,1.62,4.0,5.25,1.64,4.04,5.54,1.7,4.06,5.54,1.64,3.9,5.3,2.0,1.9,2.0,1.89,2.02,1.92,1.95,1.87,-0.75,1.83,2.07,1.85,2.06,1.85,2.12,1.8,2.01,1.67,3.9,5.0,1.68,3.84,5.72,1.69,3.98,5.72,1.66,3.8,5.41,2.06,1.84,2.07,1.85,2.07,1.87,1.98,1.84,-0.75,1.9,2.03,1.89,2.03,1.9,2.06,1.85,1.99
F1,2025-01-19,Marseille,Strasbourg,1,1,D,0,1,A,1.57,4.33,5.25,1.58,4.47,5.48,1.64,4.51,5.6,1.57,4.32,5.35,1.62,2.3,1.62,2.39,1.67,2.41,1.6,2.33,-1.0,1.95,1.95,1.97,1.93,1.98,1.95,1.92,1.89,1.6,4.33,5.0,1.61,4.35,5.6,1.63,4.58,5.6,1.59,4.32,5.3,1.62,2.3,1.62,2.42,1.62,2.45,1.59,2.36,-1.0,2.04,1.89,2.02,1.91,2.07,1.91,1.98,1.86
F1,2025-01-24,Auxerre,St Etienne,1,1,D,1,1,D,1.91,3.7,3.8,1.97,3.72,3.97,2.09,3.89,4.25,1.94,3.66,3.83,1.8,2.0,1.82,2.09,1.87,2.1,1.8,2.03,-0.5,1.95,1.95,1.98,1.94,1.98,1.96,1.94,1.91,1.9,3.6,4.0,1.97,3.58,4.15,2.06,3.69,4.15,1.95,3.5,3.93,1.92,1.98,1.95,1.95,2.0,2.03,1.91,1.91,-0.5,1.95,1.95,1.98,1.94,2.0,1.96,1.96,1.89
F1,2025-01-25,Monaco,Rennes,3,2,H,1,1,D,1.7,3.9,4.75,1.75,4.02,4.66,1.78,4.14,5.0,1.73,3.94,4.61,1.68,2.05,1.74,2.17,1.78,2.21,1.71,2.12,-0.75,1.95,1.95,1.96,1.94,1.96,1.98,1.9,1.91,1.7,3.75,5.0,1.73,3.84,5.23,1.73,4.08,5.4,1.69,3.87,5.02,1.9,2.0,1.91,2.0,1.93,2.15,1.83,2.01,-0.75,1.93,2.0,1.94,1.98,1.94,2.02,1.88,1.97
F1,2025-01-25,Strasbourg,Lille,2,1,H,0,1,A,2.75,3.4,2.55,2.86,3.43,2.55,2.95,3.56,2.6,2.8,3.38,2.5,1.91,1.99,1.91,1.98,1.95,2.0,1.88,1.93,0.0,1.99,1.79,2.07,1.85,2.1,1.86,2.03,1.82,2.9,3.25,2.5,3.01,3.25,2.58,3.15,3.41,2.58,3.02,3.22,2.44,2.08,1.82,2.08,1.83,2.09,1.93,2.03,1.81,0.25,1.7,2.1,1.76,2.19,1.82,2.2,1.77,2.08
F1,2025-01-25,Paris SG,Reims,1,1,D,0,0,D,1.27,6.5,9.0,1.25,6.87,10.44,1.27,7.0,12.3,1.24,6.58,10.49,1.44,2.75,1.43,2.86,1.44,2.95,1.42,2.82,-1.75,1.95,1.95,1.91,1.97,2.0,1.98,1.89,1.93,1.2,8.5,10.0,1.2,8.21,12.0,1.22,8.76,15.0,1.19,7.97,12.17,1.22,4.33,1.35,3.33,1.34,4.33,1.24,3.96,-2.25,2.05,1.88,2.05,1.86,2.08,1.89,2.02,1.84
F1,2025-01-26,Le Havre,Brest,0,1,A,0,1,A,3.3,3.1,2.35,3.38,3.13,2.39,3.45,3.27,2.4,3.28,3.11,2.34,2.3,1.62,2.43,1.61,2.43,1.66,2.33,1.6,0.25,1.87,2.03,1.88,2.04,1.9,2.04,1.85,1.97,3.3,3.25,2.25,3.45,3.27,2.31,3.52,3.33,2.35,3.34,3.22,2.27,2.1,1.73,2.17,1.76,2.17,1.8,2.13,1.73,0.25,1.93,2.0,1.94,1.98,1.97,2.0,1.91,1.93
F1,2025-01-26,Lens,Angers,1,0,H,0,0,D,1.42,4.33,7.5,1.44,4.77,7.34,1.51,4.77,7.5,1.44,4.55,7.13,1.8,2.0,1.81,2.08,1.86,2.11,1.79,2.03,-1.25,2.03,1.87,2.03,1.88,2.06,1.89,1.98,1.84,1.5,4.2,6.5,1.5,4.44,7.15,1.54,4.63,7.69,1.49,4.33,6.81,1.8,2.0,1.82,2.08,2.0,2.09,1.81,2.0,-1.0,1.85,2.08,1.85,2.08,1.87,2.16,1.82,2.04
F1,2025-01-26,Nantes,Lyon,1,1,D,0,1,A,3.3,3.5,2.1,3.41,3.55,2.18,3.5,3.65,2.21,3.34,3.51,2.13,1.8,2.0,1.82,2.07,1.87,2.1,1.81,2.01,0.25,2.03,1.87,2.02,1.89,2.06,1.89,1.98,1.83,4.1,3.7,1.85,4.27,3.77,1.88,4.33,3.78,1.93,4.1,3.68,1.87,1.8,2.0,1.82,2.09,2.0,2.09,1.8,2.02,0.5,2.04,1.89,2.03,1.89,2.04,1.92,1.98,1.88
F1,2025-01-26,Toulouse,Montpellier,1,2,A,0,0,D,1.62,4.0,5.25,1.64,4.08,5.47,1.67,4.35,5.8,1.63,4.03,5.27,1.73,2.1,1.74,2.17,1.78,2.21,1.72,2.13,-0.75,1.81,2.09,1.81,2.09,1.83,2.13,1.77,2.06,1.67,3.9,5.0,1.7,3.99,5.23,1.74,4.07,5.3,1.68,3.92,5.02,1.8,2.0,1.8,2.1,1.82,2.17,1.77,2.06,-0.75,1.88,2.05,1.9,2.03,1.91,2.07,1.86,1.99
F1,2025-01-26,Nice,Marseille,2,0,H,1,0,H,2.8,3.5,2.45,2.92,3.6,2.42,3.05,3.67,2.5,2.85,3.52,2.4,1.73,2.1,1.72,2.22,1.77,2.26,1.71,2.14,0.25,1.73,2.08,1.81,2.11,1.83,2.14,1.77,2.06,2.63,3.4,2.7,2.75,3.42,2.69,2.77,3.5,2.73,2.67,3.38,2.64,1.88,2.02,1.88,2.02,1.92,2.1,1.84,1.99,0.0,1.95,1.98,1.98,1.94,1.99,1.98,1.96,1.92
F1,2025-01-31,Montpellier,Lens,0,2,A,0,1,A,4.33,3.7,1.83,4.55,3.77,1.83,4.55,3.85,1.89,4.29,3.7,1.83,1.8,2.0,1.81,2.08,1.85,2.12,1.79,2.05,0.5,2.08,1.85,2.08,1.83,2.08,1.87,2.02,1.83,4.33,3.7,1.85,4.39,3.77,1.86,4.39,3.77,1.9,4.22,3.68,1.84,1.73,2.1,1.76,2.15,1.82,2.21,1.73,2.12,0.5,2.05,1.88,2.06,1.87,2.08,1.88,2.01,1.85
F1,2025-02-01,Brest,Paris SG,2,5,A,0,1,A,6.25,5.0,1.44,6.88,4.94,1.45,6.88,5.02,1.49,6.58,4.82,1.44,1.53,2.5,1.57,2.5,1.57,2.5,1.54,2.42,1.25,1.93,1.97,1.93,1.97,1.95,2.0,1.87,1.94,8.0,5.5,1.33,8.86,5.71,1.34,9.2,5.94,1.4,8.44,5.53,1.33,1.44,2.75,1.46,2.85,1.47,2.88,1.43,2.76,1.5,2.0,1.93,1.99,1.93,2.02,1.97,1.95,1.91
F1,2025-02-01,Monaco,Auxerre,4,2,H,1,2,A,1.33,5.5,8.5,1.35,5.69,8.08,1.37,5.84,8.6,1.34,5.48,8.05,1.44,2.75,1.47,2.76,1.47,2.76,1.45,2.68,-1.5,1.95,1.95,1.97,1.93,1.99,1.97,1.94,1.9,1.38,5.25,7.0,1.38,5.59,7.8,1.43,5.62,8.5,1.4,5.16,7.21,1.44,2.75,1.46,2.84,1.46,2.85,1.43,2.76,-1.5,2.08,1.85,2.06,1.87,2.1,1.88,2.06,1.8
F1,2025-02-01,Lille,St Etienne,4,1,H,1,1,D,1.4,4.5,8.0,1.41,4.9,7.87,1.45,4.94,8.5,1.4,4.74,7.75,1.85,2.05,1.84,2.06,1.87,2.08,1.81,2.02,-1.25,1.95,1.95,1.95,1.95,1.96,1.97,1.91,1.9,1.5,4.2,6.5,1.51,4.38,7.05,1.55,4.65,7.5,1.49,4.33,6.75,1.73,2.1,1.8,2.09,1.82,2.16,1.77,2.06,-1.0,1.88,2.05,1.88,2.05,1.91,2.12,1.82,2.04
F1,2025-02-02,Toulouse,Nice,1,1,D,0,1,A,2.5,3.4,2.75,2.55,3.36,2.91,2.62,3.42,2.93,2.51,3.33,2.82,1.95,1.95,1.94,1.94,1.99,1.97,1.91,1.9,0.0,1.83,2.07,1.83,2.09,1.87,2.12,1.83,2.04,3.0,3.3,2.4,3.11,3.36,2.45,3.19,3.37,2.65,2.99,3.28,2.43,1.95,1.95,1.93,1.96,1.99,1.97,1.91,1.91,0.25,1.82,2.11,1.84,2.1,1.86,2.16,1.78,2.08
F1,2025-02-02,Angers,Le Havre,1,1,D,0,0,D,1.95,3.4,3.9,2.01,3.36,4.2,2.04,3.52,4.2,1.98,3.34,3.98,2.2,1.67,2.33,1.65,2.33,1.7,2.24,1.65,-0.5,2.02,1.88,2.01,1.89,2.04,1.89,1.99,1.85,1.83,3.4,4.5,1.87,3.44,4.97,1.92,3.61,4.97,1.83,3.44,4.68,2.3,1.62,2.4,1.63,2.4,1.7,2.29,1.63,-0.5,1.88,2.05,1.88,2.05,1.88,2.08,1.84,2.02
F1,2025-02-02,Reims,Nantes,1,2,A,1,1,D,2.15,3.4,3.4,2.19,3.42,3.51,2.25,3.56,3.54,2.15,3.38,3.43,2.0,1.8,2.1,1.79,2.14,1.83,2.05,1.77,-0.25,1.87,2.03,1.89,2.02,1.9,2.04,1.84,1.98,2.2,3.25,3.4,2.29,3.23,3.55,2.3,3.33,3.63,2.23,3.2,3.44,2.2,1.67,2.32,1.67,2.38,1.71,2.24,1.65,-0.25,1.96,1.97,1.95,1.97,1.99,1.99,1.9,1.93
F1,2025-02-02,Rennes,Strasbourg,1,0,H,0,0,D,2.05,3.5,3.6,2.1,3.48,3.69,2.14,3.67,3.71,2.08,3.47,3.53,1.95,1.95,1.95,1.93,1.99,1.97,1.92,1.9,-0.25,1.82,2.08,1.82,2.1,1.83,2.1,1.78,2.05,1.91,3.5,4.1,1.95,3.49,4.33,2.08,3.55,4.33,1.98,3.4,3.98,2.05,1.85,2.06,1.85,2.09,2.01,2.0,1.83,-0.5,1.96,1.97,1.96,1.96,2.07,1.97,1.97,1.89
F1,2025-02-02,Marseille,Lyon,3,2,H,0,0,D,2.0,3.9,3.3,2.07,3.76,3.51,2.08,3.98,3.52,2.04,3.77,3.38,1.57,2.38,1.61,2.41,1.65,2.45,1.58,2.37,-0.5,2.06,1.84,2.08,1.84,2.1,1.85,2.05,1.81,2.05,3.7,3.4,2.1,3.69,3.57,2.12,3.81,3.61,2.06,3.64,3.44,1.73,2.1,1.72,2.23,1.74,2.32,1.69,2.18,-0.25,1.78,2.03,1.82,2.1,1.83,2.14,1.79,2.06
F1,2025-02-07,Nantes,Brest,0,2,A,0,1,A,2.45,3.1,3.1,2.49,3.18,3.15,2.51,3.42,3.23,2.44,3.19,3.09,2.2,1.67,2.26,1.69,2.29,1.73,2.22,1.68,-0.25,2.11,1.82,2.12,1.81,2.13,1.87,2.07,1.79,2.5,3.1,3.0,2.54,3.17,3.11,2.67,3.21,3.21,2.5,3.14,3.04,2.2,1.67,2.32,1.67,2.32,1.73,2.22,1.68,0.0,1.82,2.11,1.77,2.18,1.87,2.2,1.78,2.11
F1,2025-02-07,Paris SG,Monaco,4,1,H,1,1,D,1.38,5.5,6.5,1.4,5.56,6.93,1.44,5.72,7.3,1.4,5.46,6.79,1.3,3.5,1.33,3.44,1.36,3.52,1.32,3.34,-1.5,2.03,1.9,2.01,1.89,2.05,1.91,1.99,1.86,1.42,5.5,6.0,1.45,5.48,6.29,1.48,5.62,7.16,1.43,5.41,6.22,1.29,3.75,1.34,3.44,1.32,3.95,1.28,3.62,-1.25,1.88,2.05,1.89,2.04,1.91,2.09,1.84,2.02
F1,2025-02-08,Nice,Lens,2,0,H,1,0,H,2.35,3.3,3.1,2.4,3.42,3.09,2.42,3.67,3.11,2.36,3.41,3.01,1.91,1.99,1.9,1.99,1.93,2.02,1.87,1.95,-0.25,2.06,1.84,2.07,1.85,2.09,1.87,2.02,1.81,2.4,3.4,2.9,2.44,3.54,2.98,2.48,3.57,3.05,2.4,3.43,2.94,1.73,2.1,1.8,2.11,1.83,2.11,1.79,2.06,-0.25,2.11,1.82,2.12,1.83,2.14,1.87,2.07,1.8
F1,2025-02-08,Lille,Le Havre,1,2,A,0,1,A,1.36,5.5,8.0,1.36,5.18,9.26,1.37,5.5,10.3,1.35,5.05,9.17,1.86,2.04,1.84,2.05,1.89,2.06,1.83,2.01,-1.25,1.83,2.07,1.83,2.09,1.84,2.09,1.8,2.03,1.22,6.25,12.0,1.24,6.62,12.86,1.28,6.69,14.5,1.23,6.36,12.7,1.53,2.32,1.58,2.47,1.64,2.53,1.57,2.41,-1.75,1.9,2.03,1.9,2.0,1.97,2.07,1.89,1.96
F1,2025-02-08,St Etienne,Rennes,0,2,A,0,1,A,3.3,3.4,2.15,3.52,3.36,2.22,3.52,3.56,2.27,3.37,3.35,2.2,2.07,1.83,2.08,1.82,2.1,1.86,2.03,1.81,0.25,1.99,1.91,2.0,1.91,2.02,1.93,1.95,1.87,3.0,3.5,2.3,3.09,3.52,2.38,3.61,3.59,2.38,3.12,3.48,2.29,1.88,2.02,1.91,2.0,1.96,2.1,1.88,1.96,0.25,1.86,2.07,1.87,2.06,2.07,2.08,1.88,1.98
F1,2025-02-09,Lyon,Reims,4,0,H,1,0,H,1.53,4.5,5.75,1.53,4.75,5.74,1.56,4.82,6.0,1.52,4.6,5.69,1.53,2.5,1.56,2.55,1.58,2.6,1.54,2.47,-1.0,1.85,2.05,1.86,2.06,1.88,2.06,1.83,2.01,1.5,4.5,6.0,1.53,4.57,6.26,1.57,4.8,6.4,1.52,4.49,6.0,1.62,2.3,1.62,2.42,1.62,2.55,1.59,2.37,-1.0,1.85,2.08,1.85,2.07,1.88,2.13,1.84,2.03
F1,2025-02-09,Auxerre,Toulouse,2,2,D,0,0,D,3.0,3.4,2.35,3.09,3.42,2.4,3.2,3.58,2.4,3.04,3.38,2.33,2.01,1.89,2.02,1.87,2.03,1.95,1.97,1.85,0.25,1.83,2.07,1.85,2.07,1.86,2.13,1.83,2.0,2.9,3.25,2.5,2.99,3.28,2.57,3.09,3.4,2.58,2.95,3.25,2.5,2.1,1.73,2.12,1.79,2.14,1.86,2.06,1.79,0.25,1.7,2.1,1.76,2.2,1.79,2.2,1.75,2.12
F1,2025-02-09,Strasbourg,Montpellier,2,0,H,1,0,H,1.75,4.1,4.1,1.82,3.99,4.24,1.85,4.1,4.5,1.79,3.93,4.15,1.73,2.1,1.73,2.18,1.78,2.26,1.72,2.15,-0.75,2.05,1.85,2.06,1.85,2.07,1.85,2.01,1.81,1.65,4.2,5.0,1.66,4.25,5.19,1.76,4.25,5.27,1.68,4.09,4.9,1.67,2.2,1.7,2.25,1.75,2.32,1.68,2.21,-0.75,1.84,2.09,1.84,2.1,1.94,2.13,1.84,2.02
F1,2025-02-09,Angers,Marseille,0,2,A,0,0,D,5.5,4.0,1.62,5.55,4.13,1.63,5.6,4.25,1.67,5.3,4.05,1.63,1.85,2.05,1.85,2.04,1.88,2.07,1.83,2.01,0.75,2.09,1.81,2.11,1.79,2.13,1.82,2.05,1.78,5.5,4.33,1.57,5.86,4.22,1.61,6.0,4.33,1.64,5.58,4.14,1.6,1.73,2.1,1.78,2.16,1.78,2.21,1.73,2.13,1.0,1.9,2.03,1.9,2.03,1.93,2.06,1.85,2.01
F1,2025-02-14,Brest,Auxerre,2,2,D,0,1,A,2.25,3.3,3.3,2.29,3.32,3.45,2.34,3.38,3.6,2.26,3.28,3.38,2.0,1.8,2.09,1.83,2.1,1.86,2.04,1.81,-0.25,1.99,1.94,1.97,1.95,1.99,2.02,1.92,1.92,2.1,3.4,3.6,2.15,3.43,3.67,2.31,3.43,3.69,2.19,3.31,3.49,1.92,1.98,1.93,1.97,2.07,1.98,1.98,1.87,-0.25,1.86,2.07,1.85,2.08,1.96,2.08,1.87,1.98
F1,2025-02-15,Marseille,St Etienne,5,1,H,1,0,H,1.25,6.5,9.5,1.27,6.28,9.96,1.3,6.6,11.0,1.27,6.18,10.0,1.44,2.75,1.46,2.76,1.5,2.85,1.45,2.72,-1.75,2.01,1.89,2.0,1.89,2.02,1.91,1.97,1.86,1.22,7.0,10.0,1.23,7.08,11.61,1.25,7.48,12.5,1.23,6.92,11.19,1.36,3.2,1.38,3.11,1.39,3.27,1.37,3.13,-2.0,2.08,1.85,2.06,1.85,2.13,1.89,2.04,1.82
F1,2025-02-15,Monaco,Nantes,7,1,H,2,1,H,1.55,4.2,6.0,1.56,4.44,5.78,1.59,4.6,6.05,1.56,4.33,5.68,1.67,2.2,1.65,2.33,1.7,2.34,1.65,2.27,-1.0,1.92,1.98,1.9,2.01,1.99,2.01,1.92,1.92,1.5,4.5,6.0,1.52,4.64,6.33,1.57,4.9,6.5,1.51,4.56,6.06,1.62,2.3,1.61,2.44,1.62,2.47,1.59,2.39,-1.0,1.84,2.09,1.84,2.1,1.87,2.13,1.82,2.05
F1,2025-02-15,Toulouse,Paris SG,0,1,A,0,0,D,5.75,4.75,1.5,6.28,4.79,1.49,6.5,4.92,1.53,5.97,4.71,1.49,1.53,2.5,1.55,2.55,1.57,2.7,1.52,2.51,1.25,1.82,2.08,1.85,2.07,1.85,2.12,1.8,2.04,5.5,4.33,1.55,5.98,4.46,1.56,6.5,4.75,1.58,5.76,4.48,1.54,1.62,2.3,1.63,2.41,1.66,2.5,1.6,2.37,1.0,1.99,1.94,2.0,1.93,2.1,1.97,1.98,1.88
F1,2025-02-16,Montpellier,Lyon,1,4,A,1,1,D,4.75,4.5,1.58,5.01,4.43,1.63,5.1,4.6,1.7,4.79,4.37,1.64,1.5,2.63,1.51,2.65,1.54,2.67,1.49,2.59,0.75,2.03,1.78,2.12,1.79,2.12,1.85,2.06,1.78,5.0,4.75,1.55,5.62,4.66,1.56,5.62,4.86,1.6,5.37,4.61,1.55,1.44,2.75,1.48,2.77,1.49,2.82,1.46,2.74,1.0,2.04,1.89,2.02,1.91,2.07,1.95,1.98,1.88
F1,2025-02-16,Le Havre,Nice,1,3,A,1,2,A,5.0,4.0,1.62,5.37,4.01,1.66,5.4,4.14,1.71,5.18,3.96,1.65,1.8,1.98,1.88,2.01,1.91,2.05,1.84,1.99,0.75,2.07,1.83,2.06,1.85,2.11,1.85,2.02,1.82,5.5,4.0,1.62,5.75,4.19,1.63,5.8,4.2,1.64,5.5,4.1,1.62,1.73,2.1,1.81,2.09,1.83,2.21,1.77,2.09,1.0,1.84,2.09,1.88,2.08,1.88,2.11,1.82,2.05
F1,2025-02-16,Lens,Strasbourg,0,2,A,0,0,D,1.72,3.8,4.75,1.78,4.04,4.43,1.81,4.1,4.75,1.76,3.91,4.39,1.73,2.1,1.75,2.16,1.8,2.18,1.74,2.13,-0.75,2.0,1.9,2.0,1.91,2.05,1.92,1.97,1.87,1.83,3.7,4.1,1.87,3.86,4.23,1.93,3.86,4.39,1.86,3.74,4.16,1.73,2.1,1.74,2.19,1.82,2.26,1.73,2.14,-0.5,1.89,2.04,1.88,2.05,1.91,2.06,1.86,2.0
F1,2025-02-16,Reims,Angers,0,1,A,0,1,A,2.0,3.4,3.9,2.03,3.44,3.99,2.04,3.71,4.1,1.99,3.44,3.85,2.04,1.86,2.04,1.86,2.11,1.88,2.01,1.83,-0.5,2.03,1.87,2.04,1.87,2.05,1.89,2.0,1.85,1.9,3.4,4.2,1.95,3.35,4.58,1.99,3.51,4.58,1.92,3.36,4.38,2.3,1.62,2.38,1.64,2.38,1.73,2.24,1.67,-0.5,1.98,1.95,1.96,1.96,1.98,1.99,1.93,1.93
F1,2025-02-16,Rennes,Lille,0,2,A,0,0,D,2.7,3.25,2.7,2.71,3.37,2.72,2.76,3.41,2.86,2.64,3.31,2.7,1.98,1.8,2.02,1.87,2.06,1.9,2.0,1.84,0.0,1.93,1.97,1.94,1.95,1.97,1.99,1.9,1.95,3.1,3.1,2.45,3.1,3.18,2.57,3.17,3.2,2.65,3.01,3.12,2.55,2.3,1.62,2.32,1.67,2.35,1.73,2.26,1.66,0.25,1.81,2.13,1.77,2.18,1.81,2.22,1.74,2.15
F1,2025-02-21,Rennes,Reims,1,0,H,1,0,H,2.15,3.4,3.4,2.19,3.48,3.52,2.2,3.7,3.75,2.13,3.46,3.5,2.0,1.9,2.01,1.9,2.06,1.93,1.99,1.87,-0.25,1.83,1.98,1.89,2.04,1.9,2.1,1.83,2.01,2.2,3.4,3.3,2.23,3.42,3.48,2.35,3.5,3.51,2.22,3.38,3.35,2.04,1.86,2.03,1.88,2.08,1.88,2.0,1.85,-0.25,1.93,2.0,1.93,2.0,1.97,2.05,1.9,1.96
F1,2025-02-22,Lille,Monaco,2,1,H,2,1,H,2.15,3.7,3.1,2.19,3.8,3.19,2.21,3.91,3.3,2.17,3.72,3.13,1.62,2.3,1.64,2.35,1.69,2.38,1.63,2.32,-0.25,1.93,1.97,1.93,1.98,1.96,1.98,1.89,1.94,2.4,3.5,2.8,2.48,3.57,2.91,2.51,3.77,3.3,2.36,3.55,2.96,1.67,2.2,1.72,2.22,1.73,2.32,1.68,2.22,-0.25,2.08,1.73,2.14,1.79,2.14,1.99,2.04,1.82
F1,2025-02-22,St Etienne,Angers,3,3,D,1,2,A,2.4,3.3,3.0,2.45,3.25,3.15,2.47,3.52,3.18,2.4,3.29,3.05,2.0,1.8,2.11,1.79,2.13,1.85,2.06,1.79,-0.25,2.07,1.83,2.1,1.83,2.1,1.86,2.04,1.8,2.4,3.4,2.9,2.53,3.4,2.95,2.54,3.52,3.1,2.48,3.37,2.9,1.97,1.93,1.96,1.94,1.99,2.01,1.91,1.9,-0.25,2.13,1.81,2.17,1.78,2.21,1.85,2.12,1.76
F1,2025-02-22,Auxerre,Marseille,3,0,H,1,0,H,5.5,4.33,1.55,5.89,4.5,1.55,6.0,4.61,1.59,5.59,4.4,1.55,1.62,2.3,1.62,2.39,1.66,2.43,1.62,2.33,1.0,1.98,1.92,1.99,1.91,1.99,1.94,1.93,1.9,5.5,4.33,1.55,5.83,4.41,1.57,6.1,4.5,1.59,5.72,4.37,1.56,1.57,2.25,1.67,2.32,1.69,2.42,1.63,2.3,1.0,1.95,1.98,1.97,1.95,1.99,1.98,1.94,1.91
F1,2025-02-23,Nantes,Lens,3,1,H,1,0,H,3.7,3.4,2.05,3.69,3.47,2.11,3.75,3.65,2.13,3.6,3.41,2.08,2.08,1.82,2.06,1.84,2.09,1.87,2.02,1.81,0.25,2.08,1.82,2.1,1.82,2.11,1.83,2.04,1.79,3.5,3.3,2.15,3.64,3.34,2.2,3.73,3.47,2.23,3.53,3.32,2.17,2.1,1.73,2.15,1.78,2.15,1.88,2.05,1.8,0.25,2.05,1.88,2.04,1.89,2.07,1.91,2.0,1.86
F1,2025-02-23,Le Havre,Toulouse,1,4,A,0,1,A,4.0,3.4,1.95,4.02,3.49,2.0,4.1,3.67,2.02,3.91,3.46,1.97,2.1,1.73,2.11,1.79,2.15,1.82,2.08,1.77,0.5,1.91,1.99,1.9,2.01,1.94,2.01,1.88,1.97,3.7,3.4,2.05,3.82,3.35,2.14,4.1,3.5,2.16,3.8,3.33,2.08,2.2,1.67,2.33,1.67,2.33,1.7,2.25,1.66,0.5,1.83,2.1,1.8,2.14,1.88,2.16,1.8,2.08
F1,2025-02-23,Nice,Montpellier,2,0,H,1,0,H,1.38,5.0,7.5,1.38,5.37,7.79,1.4,5.58,8.2,1.37,5.23,7.62,1.5,2.63,1.5,2.68,1.52,2.72,1.48,2.63,-1.5,2.05,1.85,2.05,1.86,2.08,1.88,2.02,1.83,1.33,5.25,9.0,1.35,5.51,9.22,1.36,5.7,9.3,1.34,5.37,8.81,1.57,2.38,1.58,2.51,1.61,2.75,1.55,2.48,-1.5,1.99,1.94,1.98,1.94,2.0,1.95,1.95,1.91
F1,2025-02-23,Strasbourg,Brest,0,0,D,0,0,D,2.0,3.6,3.6,2.0,3.68,3.8,2.04,3.83,3.8,1.99,3.61,3.67,1.8,2.0,1.81,2.08,1.88,2.1,1.81,2.03,-0.5,2.02,1.88,2.01,1.89,2.05,1.9,2.0,1.86,2.15,3.3,3.4,2.25,3.34,3.52,2.28,3.48,3.65,2.18,3.35,3.45,2.0,1.8,2.09,1.83,2.11,1.97,2.0,1.84,-0.25,1.92,2.01,1.93,1.99,1.93,2.05,1.87,1.98
F1,2025-02-23,Lyon,Paris SG,2,3,A,0,0,D,4.2,4.33,1.7,4.48,4.29,1.72,4.5,4.55,1.77,4.25,4.26,1.72,1.4,3.0,1.44,2.88,1.44,3.05,1.4,2.91,0.75,1.99,1.91,1.99,1.92,2.0,1.94,1.93,1.89,5.5,4.5,1.5,5.99,4.79,1.53,6.2,4.9,1.56,5.83,4.68,1.51,1.4,3.0,1.43,2.96,1.44,3.16,1.41,2.96,1.25,1.85,2.08,1.85,2.08,1.91,2.11,1.83,2.03
F1,2025-02-28,Monaco,Reims,3,0,H,2,0,H,1.38,5.0,7.5,1.38,5.37,8.33,1.42,5.64,8.4,1.38,5.24,7.85,1.44,2.75,1.49,2.73,1.5,2.9,1.46,2.71,-1.5,2.06,1.87,2.04,1.88,2.08,1.9,2.01,1.85,1.36,5.0,8.0,1.38,5.29,8.46,1.39,5.6,9.2,1.37,5.22,8.25,1.44,2.75,1.47,2.79,1.5,2.9,1.45,2.77,-1.5,2.03,1.9,2.02,1.91,2.05,1.95,1.97,1.88
F1,2025-03-01,St Etienne,Nice,1,3,A,1,1,D,5.0,4.0,1.67,4.79,4.21,1.69,5.0,4.35,1.73,4.69,4.13,1.69,1.62,2.3,1.63,2.36,1.68,2.38,1.63,2.31,0.75,2.04,1.89,2.02,1.88,2.04,1.93,1.97,1.86,5.0,4.1,1.65,5.18,4.15,1.68,5.5,4.3,1.68,5.09,4.12,1.65,1.62,2.3,1.67,2.31,1.68,2.43,1.63,2.31,0.75,2.08,1.85,2.07,1.86,2.13,1.87,2.05,1.81
F1,2025-03-01,Lens,Le Havre,3,4,A,2,2,D,1.38,5.0,7.5,1.38,5.03,8.59,1.43,5.3,9.5,1.37,4.98,8.23,1.67,2.2,1.7,2.23,1.75,2.27,1.69,2.19,-1.25,1.88,2.05,1.88,2.03,1.9,2.05,1.84,2.0,1.4,4.75,7.5,1.41,4.85,8.46,1.45,5.0,9.5,1.4,4.78,8.16,1.8,2.0,1.83,2.07,1.9,2.14,1.8,2.04,-1.25,1.95,1.98,1.96,1.96,2.0,2.0,1.92,1.94
F1,2025-03-01,Paris SG,Lille,4,1,H,4,0,H,1.4,4.75,7.5,1.39,5.36,7.62,1.44,5.5,7.9,1.39,5.18,7.34,1.5,2.63,1.49,2.69,1.51,2.85,1.47,2.66,-1.25,1.85,2.08,1.84,2.08,1.88,2.11,1.82,2.02,1.33,5.25,8.5,1.35,5.43,9.13,1.4,5.7,9.5,1.34,5.34,8.72,1.57,2.38,1.58,2.49,1.6,2.75,1.55,2.48,-1.5,2.01,1.92,2.01,1.92,2.01,1.97,1.95,1.9
F1,2025-03-02,Lyon,Brest,2,1,H,1,1,D,1.65,3.9,5.25,1.68,4.19,4.96,1.7,4.35,5.25,1.66,4.09,4.92,1.73,2.1,1.7,2.23,1.76,2.28,1.68,2.22,-0.75,1.85,2.08,1.85,2.06,1.86,2.08,1.81,2.02,1.7,3.9,4.5,1.74,4.12,4.74,1.77,4.2,5.0,1.71,4.03,4.67,1.62,2.3,1.63,2.39,1.67,2.42,1.62,2.32,-0.75,1.89,1.92,1.93,1.98,1.97,2.05,1.89,1.96
F1,2025-03-02,Angers,Toulouse,0,4,A,0,0,D,3.3,3.1,2.35,3.3,3.28,2.35,3.37,3.33,2.39,3.24,3.21,2.32,2.3,1.62,2.36,1.64,2.38,1.68,2.3,1.63,0.25,1.9,2.03,1.89,2.01,1.9,2.03,1.85,1.94,3.8,3.3,2.05,4.09,3.28,2.09,4.1,3.38,2.11,3.94,3.27,2.06,2.3,1.62,2.41,1.63,2.42,1.68,2.31,1.63,0.5,1.84,2.09,1.84,2.1,1.85,2.12,1.81,2.05
F1,2025-03-02,Auxerre,Strasbourg,0,1,A,0,0,D,2.8,3.4,2.5,2.86,3.35,2.59,2.9,3.52,2.6,2.83,3.33,2.52,1.87,2.03,1.85,2.04,1.88,2.1,1.83,2.01,0.0,2.07,1.86,2.06,1.86,2.09,1.87,2.03,1.83,3.0,3.4,2.38,3.17,3.37,2.41,3.18,3.46,2.51,3.05,3.32,2.42,1.88,2.02,1.92,1.99,1.97,2.02,1.9,1.94,0.25,1.86,2.07,1.86,2.07,1.89,2.11,1.81,2.02
F1,2025-03-02,Montpellier,Rennes,0,4,A,0,1,A,3.5,3.4,2.1,3.62,3.53,2.11,3.65,3.65,2.14,3.49,3.49,2.09,1.85,2.05,1.85,2.04,1.88,2.07,1.82,2.01,0.25,2.09,1.84,2.09,1.83,2.1,1.84,2.03,1.78,3.75,3.5,2.0,3.94,3.53,2.03,3.99,3.68,2.12,3.82,3.49,2.02,1.95,1.95,1.95,1.95,2.0,2.05,1.9,1.94,0.5,1.87,2.06,1.88,2.04,1.91,2.06,1.85,2.02
F1,2025-03-02,Marseille,Nantes,2,0,H,0,0,D,1.4,5.0,7.0,1.41,5.27,7.16,1.42,5.3,8.3,1.4,5.03,7.29,1.62,2.3,1.61,2.41,1.65,2.44,1.6,2.36,-1.25,1.89,2.04,1.88,2.03,1.91,2.04,1.86,1.97,1.33,5.5,8.0,1.34,5.59,9.17,1.36,5.64,9.17,1.34,5.4,8.54,1.57,2.38,1.6,2.48,1.61,2.5,1.56,2.43,-1.5,1.99,1.94,2.0,1.93,2.02,1.94,1.97,1.88
F1,2025-03-07,Toulouse,Monaco,1,1,D,0,1,A,3.25,3.5,2.15,3.4,3.63,2.16,3.4,3.83,2.22,3.28,3.6,2.15,1.73,2.1,1.74,2.17,1.78,2.23,1.72,2.14,0.25,2.02,1.88,2.03,1.88,2.03,1.9,1.98,1.83,3.2,3.4,2.2,3.3,3.53,2.26,3.43,3.72,2.29,3.22,3.51,2.22,1.8,2.0,1.81,2.08,1.82,2.29,1.76,2.09,0.25,1.95,1.98,1.96,1.96,2.0,1.98,1.92,1.9
F1,2025-03-08,Rennes,Paris SG,1,4,A,0,1,A,4.75,3.9,1.7,4.61,4.04,1.75,4.8,4.29,1.76,4.58,3.99,1.72,1.67,2.2,1.7,2.23,1.71,2.3,1.67,2.22,0.75,1.95,1.95,1.95,1.95,1.97,1.96,1.92,1.9,4.5,4.2,1.67,4.92,4.21,1.69,5.25,4.32,1.75,4.8,4.1,1.68,1.5,2.63,1.52,2.64,1.61,2.66,1.52,2.55,0.75,2.05,1.88,2.05,1.88,2.25,1.88,2.03,1.83
F1,2025-03-08,Lille,Montpellier,1,0,H,0,0,D,1.37,4.75,7.5,1.41,5.13,7.44,1.45,5.2,8.5,1.4,4.94,7.45,1.62,2.3,1.65,2.34,1.67,2.4,1.62,2.31,-1.25,1.9,2.0,1.92,1.99,1.92,2.0,1.87,1.96,1.42,4.5,7.0,1.42,4.9,7.97,1.46,5.2,8.6,1.41,4.83,7.63,1.62,2.15,1.69,2.28,1.7,2.35,1.66,2.24,-1.25,1.96,1.97,1.96,1.96,1.96,2.04,1.89,1.95
F1,2025-03-08,Marseille,Lens,0,1,A,0,0,D,1.53,4.33,6.0,1.53,4.6,5.91,1.56,4.8,6.2,1.52,4.49,5.83,1.62,2.3,1.61,2.4,1.63,2.45,1.61,2.34,-1.0,1.89,2.01,1.88,2.02,1.89,2.05,1.85,1.98,1.5,4.33,6.0,1.51,4.5,6.72,1.57,4.7,6.8,1.5,4.46,6.35,1.67,2.2,1.7,2.24,1.7,2.35,1.65,2.26,-1.0,1.79,2.02,1.85,2.09,1.86,2.12,1.82,2.04
F1,2025-03-09,Brest,Angers,2,0,H,1,0,H,1.73,3.6,5.0,1.75,3.81,4.97,1.8,3.92,5.0,1.75,3.71,4.72,1.97,1.81,1.99,1.9,2.02,1.92,1.95,1.85,-0.75,1.98,1.92,1.98,1.93,2.02,1.93,1.96,1.86,1.65,3.6,5.5,1.69,3.75,5.82,1.74,3.91,5.82,1.68,3.73,5.44,2.0,1.8,1.99,1.92,2.09,1.94,1.98,1.85,-1.0,2.15,1.68,2.22,1.74,2.29,1.74,2.21,1.69
F1,2025-03-09,Le Havre,St Etienne,1,1,D,1,1,D,2.3,3.4,3.1,2.38,3.53,3.04,2.4,3.74,3.1,2.34,3.44,2.97,1.85,2.05,1.85,2.05,1.89,2.07,1.83,2.0,-0.25,2.05,1.85,2.07,1.85,2.07,1.85,2.02,1.81,2.45,3.4,2.88,2.48,3.42,3.01,2.48,3.53,3.3,2.35,3.4,3.06,1.93,1.97,1.94,1.96,1.99,1.98,1.91,1.92,-0.25,2.08,1.73,2.14,1.81,2.14,1.91,2.03,1.82
F1,2025-03-09,Nantes,Strasbourg,0,1,A,0,0,D,2.6,3.25,2.75,2.65,3.32,2.82,2.68,3.52,2.83,2.58,3.3,2.75,2.07,1.83,2.07,1.83,2.1,1.86,2.02,1.8,0.0,1.88,2.02,1.89,2.02,1.93,2.02,1.86,1.99,2.88,3.4,2.4,3.02,3.4,2.49,3.1,3.5,2.54,2.94,3.4,2.42,1.92,1.98,1.91,2.0,1.92,2.06,1.85,1.98,0.25,1.73,2.08,1.81,2.15,1.86,2.16,1.78,2.05
F1,2025-03-09,Reims,Auxerre,0,2,A,0,2,A,2.4,3.3,3.0,2.54,3.26,3.01,2.55,3.52,3.01,2.46,3.26,2.94,2.04,1.86,2.05,1.84,2.07,1.88,2.01,1.82,-0.25,2.1,1.8,2.16,1.76,2.17,1.8,2.1,1.75,2.5,3.3,2.88,2.61,3.27,2.95,2.61,3.37,3.2,2.49,3.26,2.96,2.03,1.87,2.04,1.88,2.13,1.9,2.0,1.84,-0.25,2.1,1.7,2.22,1.74,2.22,1.95,2.1,1.76
F1,2025-03-09,Nice,Lyon,0,2,A,0,0,D,2.0,3.7,3.5,2.07,3.64,3.63,2.09,3.96,3.65,2.04,3.64,3.46,1.62,2.3,1.64,2.35,1.68,2.41,1.62,2.32,-0.5,2.06,1.84,2.08,1.84,2.1,1.85,2.05,1.8,2.1,3.5,3.3,2.16,3.61,3.46,2.23,3.65,3.68,2.12,3.55,3.42,1.73,2.1,1.78,2.14,1.78,2.3,1.73,2.14,-0.5,2.08,1.73,2.16,1.78,2.2,1.82,2.11,1.77
F1,2025-03-14,Nice,Auxerre,1,1,D,1,0,H,1.57,3.9,6.0,1.61,4.17,5.7,1.66,4.35,6.0,1.6,4.1,5.54,1.73,2.1,1.76,2.14,1.8,2.24,1.73,2.13,-1.0,2.05,1.88,2.04,1.87,2.06,1.9,2.0,1.85,1.57,4.2,5.5,1.59,4.22,6.0,1.67,4.3,6.0,1.6,4.14,5.56,1.8,2.0,1.8,2.1,1.83,2.22,1.75,2.11,-1.0,2.03,1.9,2.0,1.92,2.07,1.92,1.99,1.87
F1,2025-03-15,Nantes,Lille,1,0,H,0,0,D,3.6,3.2,2.15,3.64,3.38,2.16,3.69,3.46,2.2,3.54,3.34,2.14,2.1,1.73,2.13,1.77,2.15,1.82,2.08,1.76,0.25,2.04,1.86,2.05,1.86,2.06,1.86,2.0,1.8,4.33,3.2,1.91,4.31,3.45,1.97,4.54,3.48,2.03,4.1,3.38,1.96,2.1,1.73,2.16,1.76,2.16,1.8,2.09,1.76,0.5,1.93,2.0,1.94,1.98,1.96,2.01,1.88,1.98
F1,2025-03-15,Angers,Monaco,0,2,A,0,0,D,6.5,4.75,1.42,7.07,4.98,1.44,7.25,5.12,1.48,6.75,4.87,1.43,1.53,2.5,1.55,2.57,1.56,2.6,1.52,2.5,1.25,1.95,1.95,1.97,1.93,1.97,1.98,1.91,1.91,7.5,5.0,1.38,8.01,5.21,1.4,8.5,5.4,1.44,7.74,5.03,1.39,1.5,2.63,1.53,2.64,1.54,2.77,1.5,2.59,1.5,1.85,2.08,1.86,2.07,1.9,2.13,1.83,2.03
F1,2025-03-15,Lens,Rennes,1,0,H,0,0,D,2.05,3.5,3.6,2.09,3.5,3.69,2.15,3.6,3.85,2.08,3.45,3.59,1.98,1.92,1.94,1.94,2.01,1.96,1.92,1.9,-0.25,1.75,2.05,1.81,2.1,1.83,2.12,1.78,2.06,2.0,3.4,3.8,2.05,3.47,3.94,2.1,3.5,4.0,2.03,3.41,3.8,2.08,1.82,2.08,1.84,2.08,1.88,2.02,1.81,-0.5,2.05,1.88,2.06,1.87,2.07,1.88,2.03,1.83
F1,2025-03-16,Lyon,Le Havre,4,2,H,1,2,A,1.36,5.5,7.0,1.37,5.52,7.95,1.4,5.6,9.0,1.36,5.28,7.76,1.53,2.5,1.56,2.52,1.58,2.55,1.53,2.48,-1.5,2.04,1.86,2.04,1.87,2.06,1.89,2.02,1.83,1.27,6.5,9.0,1.26,6.38,10.53,1.3,6.63,11.0,1.26,6.22,10.07,1.44,2.75,1.45,2.86,1.5,2.86,1.45,2.76,-1.75,1.98,1.92,1.95,1.95,2.05,1.95,1.96,1.89
F1,2025-03-16,Brest,Reims,0,0,D,0,0,D,1.67,3.9,5.0,1.69,3.96,5.17,1.75,3.99,5.38,1.7,3.87,4.96,1.9,2.0,1.89,1.99,1.93,2.02,1.87,1.97,-0.75,1.91,1.99,1.9,2.01,1.93,2.01,1.88,1.95,1.65,3.75,5.25,1.68,3.79,5.81,1.75,3.87,6.0,1.67,3.75,5.5,2.05,1.85,2.06,1.86,2.13,1.88,2.01,1.83,-0.75,1.88,2.02,1.88,2.05,1.89,2.07,1.85,2.0
F1,2025-03-16,Montpellier,St Etienne,0,2,A,0,1,A,2.2,3.5,3.2,2.25,3.77,3.09,2.29,3.83,3.25,2.2,3.66,3.09,1.67,2.2,1.71,2.23,1.75,2.28,1.66,2.2,-0.25,1.97,1.93,1.97,1.93,1.98,1.98,1.92,1.91,2.3,3.5,3.0,2.3,3.74,3.07,2.42,3.74,3.19,2.34,3.57,2.94,1.67,2.2,1.68,2.31,1.73,2.31,1.67,2.22,-0.25,2.02,1.88,2.02,1.91,2.07,1.91,2.01,1.83
F1,2025-03-16,Strasbourg,Toulouse,2,1,H,0,1,A,2.25,3.25,3.25,2.34,3.43,3.17,2.41,3.5,3.26,2.31,3.34,3.14,2.05,1.68,2.13,1.77,2.15,1.83,2.08,1.76,-0.25,2.0,1.9,2.02,1.88,2.03,1.93,1.98,1.85,2.6,3.2,2.8,2.63,3.33,2.89,2.73,3.35,2.94,2.6,3.25,2.81,2.0,1.8,2.12,1.79,2.14,1.82,2.06,1.77,0.0,1.87,2.03,1.87,2.06,1.93,2.06,1.86,2.0
F1,2025-03-16,Paris SG,Marseille,3,1,H,2,0,H,1.45,5.0,6.0,1.43,5.41,6.53,1.5,5.41,6.6,1.44,5.08,6.26,1.37,3.0,1.4,3.07,1.43,3.1,1.39,2.95,-1.25,1.92,1.98,1.93,1.98,1.96,2.0,1.9,1.93,1.33,5.5,8.0,1.33,5.65,9.02,1.37,6.0,9.2,1.33,5.48,8.45,1.5,2.63,1.5,2.68,1.52,2.95,1.48,2.67,-1.5,1.97,1.93,1.98,1.94,1.99,1.97,1.94,1.91
F1,2025-03-28,Strasbourg,Lyon,4,2,H,0,0,D,2.7,3.6,2.45,2.8,3.71,2.46,2.85,3.83,2.5,2.74,3.65,2.42,1.67,2.2,1.69,2.26,1.72,2.34,1.66,2.23,0.0,2.06,1.84,2.09,1.83,2.11,1.86,2.05,1.83,2.55,3.6,2.55,2.71,3.62,2.62,2.85,3.71,2.62,2.67,3.56,2.54,1.67,2.2,1.7,2.27,1.7,2.32,1.66,2.22,0.0,1.98,1.92,2.0,1.93,2.02,1.93,1.99,1.89
F1,2025-03-29,Reims,Marseille,3,1,H,1,0,H,5.5,4.2,1.57,5.75,4.24,1.59,5.75,4.43,1.63,5.48,4.18,1.59,1.73,2.1,1.75,2.15,1.8,2.18,1.74,2.09,1.0,1.88,2.02,1.88,2.03,1.9,2.03,1.84,2.0,5.0,4.1,1.62,5.52,3.98,1.67,5.78,4.14,1.69,5.25,3.94,1.64,1.8,2.0,1.81,2.08,1.9,2.16,1.79,2.03,0.75,2.09,1.84,2.07,1.86,2.12,1.86,2.06,1.8
F1,2025-03-29,St Etienne,Paris SG,1,6,A,1,1,D,17.0,8.5,1.14,16.8,9.67,1.14,19.0,10.4,1.16,16.45,9.12,1.13,1.22,4.33,,,1.25,4.6,1.2,4.19,2.5,1.91,1.99,1.93,1.96,1.93,2.06,1.88,1.95,10.0,6.25,1.27,10.42,6.97,1.25,13.0,7.5,1.27,10.63,6.88,1.23,1.25,4.0,,,1.26,4.1,1.24,3.92,2.0,1.75,2.05,1.81,2.07,2.02,2.07,1.86,1.98
F1,2025-03-29,Monaco,Nice,2,1,H,0,1,A,1.9,3.9,3.75,1.93,3.88,3.89,1.96,3.95,3.95,1.9,3.83,3.76,1.62,2.3,1.65,2.34,1.68,2.38,1.61,2.31,-0.5,1.93,1.97,1.93,1.97,1.93,1.97,1.91,1.94,1.9,3.8,3.8,1.92,3.8,4.09,1.95,3.98,4.25,1.87,3.83,3.95,1.62,2.3,1.68,2.31,1.68,2.42,1.62,2.31,-0.5,1.93,2.0,1.93,2.0,1.93,2.07,1.88,1.98
F1,2025-03-30,Toulouse,Brest,2,4,A,0,2,A,2.0,3.25,4.1,2.02,3.39,4.11,2.08,3.45,4.11,2.02,3.35,3.87,2.1,1.73,2.14,1.76,2.18,1.8,2.11,1.73,-0.5,2.04,1.86,2.03,1.88,2.05,1.88,2.02,1.84,2.0,3.4,3.8,2.04,3.43,4.07,2.1,3.49,4.07,2.03,3.38,3.81,2.0,1.8,2.1,1.83,2.12,1.88,2.04,1.78,-0.5,2.04,1.89,2.04,1.88,2.05,1.89,2.02,1.84
F1,2025-03-30,Angers,Rennes,0,3,A,0,1,A,4.2,3.6,1.82,4.27,3.55,1.93,4.38,3.7,1.95,4.1,3.55,1.89,2.0,1.9,2.0,1.89,2.02,1.92,1.95,1.86,0.5,1.99,1.91,1.97,1.93,1.99,1.95,1.94,1.91,3.8,3.25,2.05,4.07,3.28,2.09,4.07,3.49,2.15,3.77,3.29,2.07,2.1,1.73,2.14,1.78,2.16,1.84,2.06,1.77,0.5,1.85,2.08,1.84,2.1,1.85,2.15,1.78,2.1
F1,2025-03-30,Auxerre,Montpellier,1,0,H,0,0,D,1.69,3.8,4.5,1.77,3.9,4.65,1.82,4.02,4.9,1.75,3.82,4.5,1.8,2.0,1.79,2.1,1.83,2.14,1.77,2.05,-0.75,2.0,1.9,2.01,1.9,2.01,1.91,1.95,1.87,1.8,3.75,4.1,1.86,3.85,4.29,1.86,4.0,4.8,1.8,3.8,4.27,1.73,2.1,1.77,2.14,1.82,2.17,1.74,2.09,-0.75,2.05,1.75,2.11,1.81,2.11,1.92,2.04,1.81
F1,2025-03-30,Le Havre,Nantes,3,2,H,2,1,H,3.1,3.2,2.37,3.13,3.4,2.38,3.19,3.4,2.5,3.03,3.28,2.38,2.1,1.73,2.15,1.76,2.18,1.8,2.1,1.73,0.25,1.84,2.06,1.86,2.05,1.86,2.12,1.81,1.98,3.1,3.1,2.45,3.19,3.26,2.45,3.23,3.32,2.51,3.05,3.2,2.42,2.2,1.67,2.3,1.68,2.35,1.71,2.2,1.67,0.25,1.7,2.1,1.84,2.1,1.84,2.13,1.78,2.01
F1,2025-03-30,Lille,Lens,1,0,H,1,0,H,2.0,3.4,3.75,2.03,3.53,3.85,2.1,3.68,3.86,2.01,3.48,3.7,2.06,1.84,2.05,1.85,2.08,1.87,2.01,1.81,-0.5,2.05,1.85,2.04,1.87,2.07,1.87,2.02,1.83,2.05,3.3,3.75,2.09,3.4,3.91,2.11,3.5,4.28,2.01,3.36,3.94,2.08,1.82,2.1,1.81,2.15,1.82,2.07,1.76,-0.5,2.1,1.83,2.1,1.84,2.11,1.85,2.03,1.83
F1,2025-04-04,Nice,Nantes,1,2,A,1,2,A,1.5,4.2,6.5,1.52,4.46,6.6,1.56,4.54,7.0,1.51,4.35,6.43,1.73,2.1,1.79,2.12,1.82,2.16,1.76,2.08,-1.0,1.85,2.05,1.88,2.06,1.89,2.06,1.84,2.0,1.48,4.2,7.0,1.5,4.52,6.77,1.53,4.52,7.17,1.48,4.39,6.78,1.73,2.1,1.72,2.21,1.74,2.25,1.7,2.15,-1.0,1.81,2.09,1.83,2.12,1.83,2.12,1.79,2.07
F1,2025-04-05,Paris SG,Angers,1,0,H,0,0,D,1.14,8.0,19.0,1.14,9.54,16.09,1.15,11.3,22.0,1.13,9.11,17.68,1.25,4.0,1.29,3.29,1.25,4.1,1.23,3.89,-2.5,2.0,1.9,1.98,1.91,2.02,1.92,1.96,1.87,1.14,8.5,19.0,1.13,9.74,20.32,1.15,10.0,21.0,1.13,9.17,18.34,1.25,4.0,1.29,3.29,1.25,4.5,1.23,3.95,-2.5,1.98,1.95,2.0,1.93,2.03,1.96,1.96,1.88
F1,2025-04-05,Brest,Monaco,2,1,H,1,0,H,4.0,3.6,1.9,3.97,3.78,1.93,4.02,3.88,2.0,3.77,3.71,1.93,1.67,2.2,1.67,2.31,1.7,2.35,1.64,2.26,0.5,1.95,1.95,1.96,1.94,1.96,1.98,1.9,1.94,4.5,3.75,1.75,4.57,3.89,1.81,4.63,3.95,1.85,4.36,3.8,1.8,1.57,2.38,1.58,2.5,1.61,2.55,1.56,2.43,0.75,1.88,2.05,1.89,2.03,1.9,2.06,1.84,2.02
F1,2025-04-05,Lyon,Lille,2,1,H,1,1,D,2.2,3.6,3.1,2.31,3.6,3.1,2.36,3.65,3.25,2.26,3.56,3.05,1.73,2.1,1.76,2.15,1.8,2.18,1.72,2.12,-0.25,2.0,1.9,2.01,1.9,2.01,1.91,1.96,1.87,2.25,3.5,3.0,2.31,3.5,3.23,2.36,3.61,3.25,2.29,3.52,3.07,1.8,2.0,1.81,2.1,1.86,2.2,1.77,2.07,-0.25,2.01,1.92,2.0,1.93,2.02,1.94,1.97,1.89
F1,2025-04-06,Lens,St Etienne,1,0,H,0,0,D,1.55,4.1,6.0,1.55,4.56,5.73,1.66,4.63,6.0,1.55,4.39,5.5,1.62,2.3,1.61,2.41,1.69,2.48,1.59,2.34,-1.0,1.92,1.98,1.9,2.0,1.92,2.0,1.88,1.95,1.57,4.1,5.75,1.6,4.43,5.56,1.64,4.45,5.9,1.6,4.25,5.34,1.53,2.5,1.57,2.53,1.6,2.53,1.55,2.44,-1.0,2.01,1.92,2.0,1.93,2.04,1.94,1.97,1.89
F1,2025-04-06,Montpellier,Le Havre,0,2,A,0,2,A,2.4,3.25,3.0,2.45,3.53,2.93,2.5,3.63,3.0,2.42,3.45,2.86,1.85,1.93,1.92,1.97,1.95,1.99,1.87,1.93,-0.25,2.1,1.8,2.13,1.81,2.13,1.81,2.07,1.77,2.5,3.4,2.8,2.58,3.44,2.87,2.58,3.45,2.93,2.52,3.37,2.82,1.9,2.0,1.93,1.98,1.99,2.0,1.88,1.94,0.0,1.85,2.08,1.86,2.07,1.86,2.11,1.83,2.05
F1,2025-04-06,Reims,Strasbourg,0,1,A,0,1,A,3.2,3.6,2.15,3.48,3.48,2.18,3.5,3.65,2.21,3.32,3.47,2.15,2.0,1.9,1.99,1.89,2.01,1.93,1.95,1.86,0.25,2.01,1.89,2.02,1.88,2.02,1.89,1.97,1.81,3.4,3.6,2.1,3.55,3.53,2.16,3.8,3.66,2.19,3.47,3.52,2.11,1.92,1.98,1.94,1.96,1.99,2.0,1.91,1.91,0.25,2.07,1.86,2.06,1.87,2.08,1.87,2.03,1.79
F1,2025-04-06,Rennes,Auxerre,0,1,A,0,0,D,1.85,3.6,4.33,1.87,3.76,4.28,1.9,3.81,4.5,1.84,3.67,4.22,1.91,1.99,1.92,1.97,1.95,1.99,1.87,1.94,-0.5,1.87,2.03,1.88,2.04,1.88,2.04,1.84,2.0,1.85,3.6,4.2,1.92,3.73,4.18,1.95,3.75,4.38,1.88,3.66,4.11,1.73,2.1,1.76,2.16,1.82,2.19,1.76,2.08,-0.5,1.92,2.01,1.93,2.0,1.93,2.01,1.89,1.95
F1,2025-04-06,Marseille,Toulouse,3,2,H,1,1,D,1.75,3.8,4.5,1.77,3.91,4.65,1.8,4.06,4.9,1.76,3.82,4.47,1.85,2.05,1.82,2.05,1.88,2.07,1.82,2.01,-0.75,2.01,1.89,2.0,1.9,2.01,1.9,1.96,1.86,1.73,4.0,4.5,1.75,3.96,4.75,1.75,4.11,5.02,1.72,3.96,4.58,1.67,2.2,1.71,2.21,1.71,2.32,1.67,2.19,-0.75,1.99,1.94,1.96,1.94,1.99,2.04,1.91,1.94
F1,2025-04-11,Lens,Reims,0,2,A,0,1,A,1.53,4.1,6.25,1.55,4.23,6.71,1.58,4.38,6.71,1.54,4.17,6.27,1.8,2.0,1.83,2.07,1.86,2.11,1.8,2.02,-1.0,1.92,2.01,1.93,2.0,1.98,2.01,1.89,1.95,1.57,3.9,6.0,1.61,4.07,6.12,1.62,4.2,6.17,1.58,4.07,5.8,1.73,2.1,1.78,2.14,1.9,2.2,1.77,2.06,-1.0,2.05,1.88,2.04,1.88,2.05,1.89,2.0,1.86
F1,2025-04-12,Monaco,Marseille,3,0,H,1,0,H,2.0,3.8,3.4,2.03,3.93,3.47,2.08,4.0,3.51,2.02,3.85,3.34,1.53,2.5,1.52,2.62,1.53,2.62,1.51,2.5,-0.5,2.05,1.85,2.04,1.87,2.05,1.87,2.02,1.82,1.9,4.0,3.6,1.93,4.09,3.74,1.94,4.1,3.83,1.91,4.02,3.62,1.41,2.7,1.48,2.74,1.48,2.93,1.44,2.77,-0.5,1.93,2.0,1.94,1.98,1.94,2.01,1.91,1.94
F1,2025-04-12,Toulouse,Lille,1,2,A,1,2,A,2.8,3.3,2.55,2.93,3.23,2.62,2.96,3.44,2.62,2.85,3.25,2.53,2.1,1.73,2.19,1.73,2.23,1.77,2.14,1.71,0.0,2.06,1.84,2.07,1.85,2.11,1.85,2.05,1.82,3.2,3.25,2.3,3.31,3.25,2.4,3.41,3.33,2.43,3.15,3.24,2.36,2.1,1.73,2.14,1.78,2.16,1.81,2.11,1.74,0.25,1.83,1.98,1.88,2.05,1.91,2.05,1.83,1.97
F1,2025-04-12,Strasbourg,Nice,2,2,D,0,1,A,2.55,3.3,2.75,2.52,3.5,2.85,2.65,3.53,2.86,2.54,3.43,2.72,1.85,2.05,1.85,2.05,1.88,2.07,1.81,2.02,0.0,1.84,2.06,1.84,2.08,1.89,2.08,1.84,2.03,2.9,3.4,2.38,2.95,3.45,2.51,2.95,3.5,2.55,2.82,3.43,2.47,1.8,2.0,1.81,2.1,1.83,2.13,1.79,2.04,0.25,1.83,2.1,1.78,2.16,1.83,2.19,1.76,2.08
F1,2025-04-13,St Etienne,Brest,3,3,D,2,3,A,3.5,3.6,2.05,3.47,3.7,2.11,3.6,3.77,2.14,3.39,3.64,2.07,1.73,2.1,1.73,2.19,1.78,2.21,1.71,2.14,0.25,2.05,1.75,2.08,1.84,2.08,1.84,2.02,1.77,3.6,3.7,2.0,3.65,3.84,2.02,3.81,3.85,2.07,3.56,3.7,2.01,1.62,2.3,1.64,2.38,1.65,2.4,1.62,2.3,0.5,1.88,2.05,1.89,2.03,1.91,2.05,1.86,2.0
F1,2025-04-13,Angers,Montpellier,2,0,H,2,0,H,1.9,3.5,4.1,1.94,3.73,3.95,2.0,3.76,4.1,1.93,3.63,3.86,1.91,1.99,1.91,1.98,1.94,2.0,1.88,1.94,-0.5,1.95,1.95,1.95,1.95,1.98,1.95,1.94,1.91,1.9,3.4,4.2,1.93,3.56,4.32,2.02,3.56,4.32,1.95,3.45,4.03,2.04,1.86,2.04,1.88,2.06,1.88,2.0,1.83,-0.5,1.93,2.0,1.94,1.98,1.97,2.0,1.94,1.91
F1,2025-04-13,Le Havre,Rennes,1,5,A,1,3,A,3.5,3.4,2.1,3.6,3.49,2.13,3.75,3.56,2.15,3.52,3.44,2.09,2.01,1.89,1.99,1.89,2.02,1.92,1.96,1.86,0.25,2.05,1.85,2.07,1.85,2.07,1.85,2.02,1.76,3.75,3.4,2.0,3.84,3.5,2.07,4.02,3.5,2.14,3.67,3.41,2.06,1.98,1.92,2.0,1.89,2.01,2.01,1.96,1.86,0.5,1.85,2.08,1.85,2.08,1.88,2.1,1.79,2.07
F1,2025-04-13,Auxerre,Lyon,1,3,A,0,0,D,3.6,3.6,2.0,3.61,3.76,2.03,3.61,4.0,2.07,3.47,3.71,2.01,1.62,2.3,1.63,2.37,1.67,2.41,1.6,2.33,0.5,1.86,2.04,1.87,2.04,1.87,2.05,1.83,2.02,4.2,3.8,1.8,4.41,3.94,1.83,4.41,3.95,1.86,4.12,3.86,1.82,1.53,2.5,1.57,2.53,1.57,2.6,1.55,2.47,0.75,1.9,2.03,1.86,2.07,1.9,2.07,1.83,2.03
F1,2025-04-18,Rennes,Nantes,2,1,H,1,0,H,1.8,3.5,4.75,1.83,3.71,4.52,1.87,3.79,4.75,1.81,3.65,4.4,2.0,1.9,2.01,1.88,2.01,1.95,1.96,1.86,-0.75,2.07,1.83,2.09,1.81,2.09,1.83,2.04,1.79,1.85,3.6,4.2,1.88,3.65,4.49,1.9,3.78,5.25,1.82,3.61,4.49,1.89,2.01,1.89,2.01,1.92,2.04,1.87,1.95,-0.5,1.89,2.01,1.88,2.05,1.92,2.15,1.84,2.02
F1,2025-04-19,Paris SG,Le Havre,2,1,H,1,0,H,1.13,9.0,17.0,1.13,11.31,14.99,1.15,11.31,20.0,1.12,9.76,16.34,1.25,4.0,0.0,0.0,1.25,4.33,1.23,3.98,-2.5,2.05,1.85,2.06,1.84,2.08,1.88,2.02,1.81,1.18,8.0,13.0,1.16,9.25,14.64,1.21,9.25,16.0,1.17,8.34,13.52,1.25,4.0,0.0,0.0,1.25,4.21,1.24,3.89,-2.25,2.02,1.91,2.01,1.9,2.05,1.91,1.98,1.87
F1,2025-04-19,Monaco,Strasbourg,0,0,D,0,0,D,1.57,4.75,4.75,1.57,4.79,5.19,1.62,4.79,5.5,1.56,4.65,5.02,1.44,2.75,1.46,2.81,1.46,2.88,1.42,2.77,-1.0,1.93,1.97,1.93,1.98,1.93,1.98,1.9,1.94,1.48,4.75,6.0,1.51,4.88,6.16,1.55,4.88,6.4,1.5,4.72,5.85,1.44,2.75,1.45,2.88,1.45,3.0,1.43,2.83,-1.25,2.03,1.9,2.03,1.9,2.07,1.9,2.02,1.84
F1,2025-04-19,Marseille,Montpellier,5,1,H,1,0,H,1.22,7.0,11.0,1.22,7.31,11.96,1.23,7.5,15.0,1.2,6.95,12.24,1.4,3.0,1.4,2.98,1.42,3.0,1.39,2.87,-2.0,2.01,1.89,2.03,1.86,2.03,1.89,1.99,1.83,1.14,8.5,13.0,1.16,8.74,16.81,1.18,9.59,20.0,1.14,8.61,16.5,1.3,3.5,1.32,3.47,1.35,3.5,1.31,3.39,-2.25,1.91,2.02,1.95,1.95,1.95,2.02,1.89,1.96
F1,2025-04-20,Lille,Auxerre,3,1,H,2,0,H,1.5,4.2,7.0,1.51,4.44,6.69,1.55,4.49,7.0,1.5,4.26,6.54,1.9,2.0,1.89,2.0,1.94,2.0,1.87,1.95,-1.0,1.87,2.03,1.86,2.05,1.92,2.05,1.85,1.98,1.33,5.0,8.5,1.35,5.39,9.47,1.38,5.39,9.47,1.35,5.08,8.76,1.67,2.2,1.67,2.31,1.7,2.33,1.64,2.26,-1.5,2.02,1.91,2.02,1.9,2.07,1.91,2.0,1.85
F1,2025-04-20,Brest,Lens,1,3,A,1,2,A,2.35,3.3,3.1,2.38,3.4,3.13,2.45,3.45,3.15,2.35,3.35,3.02,1.92,1.98,1.91,1.98,1.96,1.98,1.88,1.93,-0.25,2.04,1.86,2.06,1.86,2.07,1.87,2.01,1.82,2.45,3.3,3.0,2.53,3.34,3.0,2.53,3.4,3.05,2.45,3.3,2.94,1.91,1.99,1.91,2.0,1.92,2.01,1.89,1.94,0.0,1.7,2.1,1.81,2.15,1.83,2.15,1.78,2.1
F1,2025-04-20,Nice,Angers,2,1,H,1,0,H,1.38,5.0,8.0,1.38,5.12,8.39,1.42,5.16,8.5,1.38,4.92,7.98,1.73,2.1,1.76,2.14,1.78,2.23,1.71,2.13,-1.25,1.88,2.02,1.88,2.03,1.9,2.03,1.85,1.97,1.38,5.0,8.0,1.4,5.09,8.45,1.43,5.1,8.7,1.38,4.92,8.21,1.73,2.1,1.75,2.17,1.76,2.21,1.73,2.12,-1.25,1.87,2.06,1.89,2.04,1.89,2.06,1.85,2.01
F1,2025-04-20,Reims,Toulouse,1,0,H,1,0,H,3.3,3.25,2.25,3.35,3.32,2.3,3.4,3.59,2.32,3.24,3.3,2.25,2.06,1.84,2.05,1.85,2.15,1.87,2.02,1.81,0.25,1.91,1.99,1.93,1.98,1.93,1.99,1.89,1.89,3.75,3.5,2.0,3.99,3.6,2.0,3.99,3.6,2.15,3.55,3.46,2.09,1.86,2.04,1.87,2.04,1.88,2.1,1.84,1.99,0.5,1.89,2.04,1.92,2.01,1.92,2.15,1.79,2.08
F1,2025-04-20,St Etienne,Lyon,2,1,H,1,0,H,5.25,4.2,1.62,4.87,4.59,1.63,5.25,4.64,1.68,4.83,4.39,1.61,1.44,2.75,1.44,2.86,1.45,2.9,1.42,2.77,1.0,1.87,2.03,1.88,2.03,1.88,2.03,1.84,2.0,4.75,4.33,1.62,5.05,4.48,1.64,5.1,4.5,1.64,4.89,4.38,1.61,1.44,2.75,1.48,2.77,1.49,2.88,1.45,2.75,1.0,1.86,2.07,1.88,2.04,1.9,2.07,1.86,2.0
F1,2025-04-22,Nantes,Paris SG,1,1,D,0,1,A,6.25,5.5,1.4,7.03,5.42,1.42,7.4,5.5,1.45,6.94,5.15,1.4,1.44,2.75,1.49,2.73,1.49,2.75,1.46,2.65,1.25,2.05,1.88,2.05,1.88,2.07,1.88,2.0,1.84,7.0,5.5,1.38,7.59,5.51,1.39,7.59,5.6,1.41,7.09,5.31,1.38,1.44,2.75,1.44,2.89,1.48,2.95,1.44,2.78,1.5,1.87,2.06,1.88,2.05,1.95,2.07,1.84,2.0
F1,2025-04-25,Paris SG,Nice,1,3,A,1,1,D,1.7,4.5,4.1,1.73,4.5,4.36,1.76,4.53,4.6,1.69,4.44,4.32,1.44,2.75,1.46,2.84,1.47,2.88,1.43,2.76,-0.75,1.9,2.0,1.92,2.01,1.92,2.01,1.86,1.97,1.5,4.5,5.75,1.53,4.88,5.64,1.6,4.9,6.17,1.52,4.69,5.57,1.44,2.75,1.44,2.92,1.45,3.05,1.41,2.87,-1.0,1.83,2.07,1.82,2.09,1.93,2.13,1.8,2.06
F1,2025-04-26,Strasbourg,St Etienne,3,1,H,1,1,D,1.62,4.2,5.0,1.65,4.48,4.78,1.67,4.58,5.25,1.62,4.36,4.86,1.53,2.5,1.56,2.53,1.56,2.6,1.52,2.47,-1.0,2.04,1.86,2.06,1.85,2.06,1.89,1.99,1.83,1.53,4.5,5.5,1.56,4.7,5.67,1.57,4.7,5.7,1.53,4.59,5.48,1.5,2.63,1.51,2.67,1.51,2.75,1.48,2.63,-1.0,1.86,2.04,1.89,2.03,1.89,2.07,1.85,2.01
F1,2025-04-26,Le Havre,Monaco,1,1,D,1,0,H,6.5,5.0,1.42,7.04,5.25,1.42,7.3,5.25,1.46,6.78,5.0,1.41,1.44,2.75,1.45,2.82,1.45,2.82,1.43,2.72,1.25,2.0,1.9,2.03,1.88,2.03,1.93,1.97,1.86,7.5,5.25,1.38,8.11,5.29,1.39,8.7,5.34,1.41,7.7,5.1,1.38,1.5,2.63,1.52,2.62,1.53,2.63,1.51,2.56,1.5,1.85,2.05,1.88,2.05,1.88,2.06,1.83,2.02
F1,2025-04-26,Lyon,Rennes,4,1,H,3,0,H,1.75,4.2,4.1,1.79,4.12,4.29,1.83,4.28,4.5,1.76,4.09,4.17,1.57,2.38,1.59,2.46,1.59,2.5,1.55,2.39,-0.75,1.99,1.91,2.01,1.9,2.01,1.92,1.95,1.87,1.6,4.5,4.75,1.64,4.39,5.17,1.7,4.64,5.17,1.63,4.39,4.77,1.5,2.63,1.52,2.62,1.53,2.75,1.49,2.62,-1.0,2.05,1.85,2.06,1.87,2.12,1.87,2.03,1.82
F1,2025-04-27,Angers,Lille,0,2,A,0,1,A,6.0,3.9,1.57,6.21,4.08,1.58,6.5,4.23,1.63,5.89,3.99,1.58,2.01,1.89,2.02,1.88,2.05,1.9,1.97,1.85,1.0,1.85,2.05,1.88,2.04,1.88,2.1,1.82,2.01,7.5,4.33,1.45,7.57,4.5,1.48,7.67,4.5,1.49,7.15,4.36,1.47,1.89,2.01,1.9,2.01,1.99,2.01,1.9,1.93,1.25,1.83,2.07,1.85,2.09,1.85,2.11,1.8,2.07
F1,2025-04-27,Lens,Auxerre,0,4,A,0,3,A,1.6,4.0,5.5,1.61,4.31,5.4,1.63,4.46,5.66,1.59,4.2,5.3,1.67,2.2,1.68,2.27,1.72,2.3,1.66,2.22,-1.0,2.0,1.9,2.0,1.91,2.05,1.91,1.98,1.85,1.55,4.2,5.75,1.58,4.48,5.62,1.59,4.5,5.9,1.56,4.33,5.59,1.57,2.38,1.6,2.45,1.65,2.45,1.59,2.35,-1.0,1.95,1.95,1.96,1.96,1.96,1.96,1.92,1.93
F1,2025-04-27,Montpellier,Reims,0,0,D,0,0,D,4.5,3.6,1.75,4.46,3.89,1.81,4.53,4.02,1.83,4.31,3.76,1.79,1.8,2.0,1.82,2.05,1.86,2.1,1.79,2.03,0.75,1.84,2.06,1.86,2.05,1.86,2.07,1.82,2.01,4.33,3.6,1.83,4.23,3.81,1.88,4.43,3.87,1.9,4.1,3.71,1.86,1.73,2.1,1.74,2.17,1.82,2.19,1.73,2.11,0.5,2.02,1.88,2.03,1.89,2.07,1.92,1.98,1.87
F1,2025-04-27,Nantes,Toulouse,0,0,D,0,0,D,2.88,3.25,2.45,2.97,3.29,2.55,3.11,3.35,2.55,2.94,3.27,2.45,2.05,1.85,2.05,1.85,2.07,1.92,2.0,1.82,0.0,2.09,1.81,2.12,1.81,2.2,1.81,2.12,1.77,2.9,3.2,2.5,3.03,3.14,2.64,3.03,3.25,2.74,2.87,3.13,2.6,2.2,1.67,2.3,1.68,2.35,1.74,2.22,1.66,0.0,2.09,1.81,2.11,1.83,2.11,1.86,2.04,1.83
F1,2025-04-27,Marseille,Brest,4,1,H,3,1,H,1.5,4.5,6.0,1.5,4.83,6.07,1.54,4.85,6.5,1.49,4.63,5.9,1.53,2.5,1.56,2.54,1.56,2.55,1.53,2.45,-1.0,1.83,2.07,1.81,2.09,1.85,2.09,1.8,2.03,1.33,5.25,8.0,1.36,5.53,8.54,1.4,5.6,8.54,1.36,5.32,7.74,1.46,2.57,1.49,2.72,1.51,2.8,1.46,2.68,-1.5,1.98,1.92,2.01,1.92,2.2,1.92,1.99,1.85
F1,2025-05-02,Nice,Reims,1,0,H,1,0,H,1.4,4.75,7.5,1.42,5.16,7.44,1.45,5.2,7.5,1.41,4.92,7.24,1.57,2.38,1.57,2.54,1.6,2.55,1.55,2.42,-1.25,1.88,2.02,1.9,2.02,1.96,2.05,1.89,1.94,1.36,5.0,8.0,1.38,5.28,8.24,1.4,5.28,8.7,1.37,5.02,7.94,1.53,2.5,1.56,2.55,1.56,2.55,1.54,2.46,-1.25,1.75,2.03,1.81,2.1,1.87,2.1,1.8,2.04
F1,2025-05-03,Strasbourg,Paris SG,2,1,H,2,0,H,2.45,3.75,2.6,2.46,4.18,2.57,2.61,4.18,2.72,2.43,3.9,2.57,1.41,2.7,1.46,2.79,1.46,2.8,1.44,2.7,0.0,1.88,2.02,1.91,2.0,1.94,2.03,1.88,1.98,2.25,3.8,2.8,2.38,3.83,2.88,2.45,3.92,2.88,2.35,3.77,2.76,1.44,2.75,1.5,2.69,1.51,2.75,1.48,2.62,-0.25,2.06,1.84,2.09,1.85,2.12,1.85,2.06,1.8
F1,2025-05-03,Toulouse,Rennes,2,1,H,1,0,H,2.15,3.4,3.4,2.17,3.48,3.49,2.21,3.56,3.6,2.12,3.43,3.42,1.98,1.92,1.98,1.91,2.0,1.94,1.95,1.87,-0.25,1.87,2.03,1.88,2.03,1.89,2.03,1.83,1.99,2.15,3.5,3.3,2.19,3.55,3.46,2.21,3.58,3.46,2.15,3.5,3.36,1.73,2.1,1.75,2.19,1.82,2.21,1.74,2.1,-0.25,1.88,2.02,1.89,2.03,1.89,2.09,1.85,2.0
F1,2025-05-03,St Etienne,Monaco,1,3,A,0,1,A,6.5,5.25,1.37,6.84,5.53,1.4,7.0,5.56,1.45,6.58,5.27,1.4,1.3,3.4,1.33,3.43,1.33,3.5,1.31,3.33,1.5,1.85,2.05,1.87,2.04,1.89,2.12,1.82,2.02,5.75,5.0,1.45,6.33,5.25,1.46,6.5,5.5,1.5,6.08,5.07,1.44,1.33,3.4,1.35,3.36,1.35,3.65,1.32,3.35,1.25,1.99,1.91,1.99,1.93,2.0,1.93,1.97,1.88
F1,2025-05-04,Nantes,Angers,0,1,A,0,0,D,1.9,3.2,4.75,1.92,3.4,4.57,1.95,3.71,4.75,1.9,3.39,4.28,2.1,1.73,2.16,1.75,2.18,1.8,2.11,1.73,-0.5,1.92,1.98,1.93,1.98,1.96,1.98,1.91,1.93,1.95,3.4,4.1,2.01,3.3,4.38,2.02,3.46,4.38,1.96,3.31,4.17,2.1,1.73,2.21,1.73,2.24,1.74,2.15,1.71,-0.5,2.0,1.9,2.02,1.91,2.05,1.95,1.98,1.87
F1,2025-05-04,Auxerre,Le Havre,1,2,A,0,0,D,2.1,3.6,3.25,2.16,3.61,3.41,2.18,3.76,3.5,2.11,3.56,3.33,1.8,2.0,1.83,2.06,1.87,2.08,1.81,2.01,-0.25,1.88,2.02,1.88,2.03,1.88,2.07,1.83,2.0,2.4,3.4,2.75,2.45,3.59,2.94,2.5,3.59,2.95,2.41,3.5,2.84,1.73,2.1,1.75,2.17,1.82,2.19,1.75,2.09,-0.25,2.08,1.73,2.13,1.82,2.14,1.82,2.07,1.78
F1,2025-05-04,Brest,Montpellier,1,0,H,1,0,H,1.36,5.25,7.5,1.37,5.37,8.16,1.4,5.46,8.6,1.36,5.15,7.87,1.57,2.38,1.58,2.47,1.63,2.49,1.56,2.42,-1.5,2.06,1.84,2.05,1.86,2.07,1.88,2.01,1.82,1.33,5.5,7.5,1.35,5.62,8.73,1.4,5.71,8.94,1.35,5.35,8.09,1.53,2.5,1.56,2.55,1.61,2.55,1.55,2.46,-1.5,2.0,1.9,2.02,1.9,2.06,1.93,1.98,1.86
F1,2025-05-04,Lyon,Lens,1,2,A,0,1,A,1.55,4.33,5.75,1.55,4.65,5.61,1.58,4.79,5.81,1.54,4.52,5.42,1.5,2.63,1.53,2.6,1.53,2.65,1.5,2.55,-1.0,1.89,2.01,1.89,2.01,1.93,2.04,1.86,1.97,1.42,5.0,6.0,1.44,5.25,6.74,1.48,5.3,6.8,1.43,5.04,6.37,1.4,3.0,1.43,2.96,1.43,3.2,1.39,2.95,-1.25,1.89,2.01,1.9,2.02,1.96,2.04,1.88,1.97
F1,2025-05-04,Lille,Marseille,1,1,D,0,0,D,2.35,3.25,3.1,2.37,3.43,3.13,2.42,3.48,3.17,2.32,3.37,3.06,1.9,2.0,1.88,2.01,1.93,2.02,1.87,1.95,-0.25,2.04,1.86,2.05,1.86,2.05,1.89,1.99,1.84,2.38,3.3,3.0,2.44,3.4,3.1,2.47,3.45,3.1,2.38,3.36,3.0,1.88,2.02,1.89,2.02,1.89,2.1,1.83,2.0,-0.25,2.07,1.83,2.1,1.84,2.1,1.84,2.04,1.81
F1,2025-05-10,Angers,Strasbourg,2,1,H,1,1,D,4.2,3.75,1.8,4.22,3.71,1.83,4.6,3.91,1.87,4.21,3.73,1.82,1.8,2.0,1.84,2.02,1.86,2.1,1.8,2.01,0.75,1.78,2.03,1.78,2.1,1.81,2.13,1.78,2.04,4.33,3.75,1.8,4.54,3.83,1.83,4.54,3.83,1.85,4.31,3.74,1.82,1.87,2.03,1.88,2.03,1.9,2.06,1.83,2.0,0.5,2.07,1.83,2.09,1.81,2.09,1.87,2.03,1.82
F1,2025-05-10,Auxerre,Nantes,1,1,D,1,0,H,2.8,3.4,2.45,2.83,3.57,2.4,3.0,3.59,2.51,2.84,3.47,2.41,1.92,1.98,1.9,1.95,1.95,1.99,1.88,1.93,0.0,2.08,1.82,2.09,1.77,2.14,1.83,2.08,1.78,2.75,3.25,2.6,2.87,3.29,2.66,2.87,3.39,2.66,2.79,3.29,2.58,2.0,1.8,2.08,1.81,2.13,1.88,2.02,1.8,0.0,2.01,1.89,2.04,1.88,2.05,1.89,2.01,1.86
F1,2025-05-10,Brest,Lille,2,0,H,1,0,H,4.5,3.8,1.75,4.53,3.81,1.75,4.74,4.0,1.82,4.42,3.83,1.76,1.8,2.0,1.8,2.03,1.86,2.1,1.79,2.02,0.75,1.9,2.0,1.88,2.0,1.9,2.03,1.85,1.96,4.5,4.1,1.67,4.97,4.16,1.7,5.0,4.16,1.74,4.77,4.04,1.68,1.67,2.2,1.69,2.26,1.82,2.26,1.69,2.18,0.75,2.02,1.88,2.04,1.89,2.07,1.91,1.99,1.86
F1,2025-05-10,Le Havre,Marseille,1,3,A,0,0,D,6.0,4.5,1.5,5.86,4.54,1.5,6.5,4.85,1.57,5.92,4.55,1.5,1.57,2.38,1.57,2.41,1.64,2.46,1.57,2.37,1.0,2.08,1.82,2.07,1.82,2.08,1.83,2.04,1.79,5.5,4.5,1.5,6.54,4.59,1.51,6.54,4.75,1.56,6.1,4.53,1.5,1.62,2.3,1.66,2.31,1.7,2.45,1.63,2.27,1.0,2.06,1.84,2.1,1.84,2.1,1.86,2.04,1.81
F1,2025-05-10,Monaco,Lyon,2,0,H,0,0,D,1.83,4.2,3.7,1.83,4.2,3.75,1.88,4.4,4.0,1.82,4.22,3.72,1.4,3.0,1.42,2.86,1.42,3.0,1.4,2.85,-0.5,1.86,2.04,1.84,2.04,1.86,2.05,1.82,2.01,1.83,4.2,3.6,1.85,4.33,3.86,1.86,4.42,4.0,1.82,4.25,3.78,1.36,3.2,1.39,3.13,1.42,3.25,1.37,3.05,-0.5,1.86,2.04,1.86,2.07,1.86,2.09,1.83,2.02
F1,2025-05-10,Montpellier,Paris SG,1,4,A,0,1,A,9.0,7.0,1.25,9.33,6.94,1.23,12.0,8.0,1.3,9.85,6.94,1.23,1.3,3.5,1.29,3.54,1.3,3.6,1.28,3.48,2.0,1.84,2.06,1.83,2.03,1.85,2.06,1.83,2.0,6.25,5.75,1.4,6.61,5.6,1.42,7.0,5.85,1.43,6.58,5.55,1.39,1.3,3.5,1.32,3.54,1.32,3.65,1.3,3.46,1.5,1.86,2.04,1.87,2.06,1.89,2.06,1.85,2.0
F1,2025-05-10,Reims,St Etienne,0,2,A,0,2,A,2.1,3.7,3.2,2.06,3.71,3.39,2.14,3.8,3.51,2.08,3.7,3.31,1.67,2.2,1.7,2.19,1.76,2.24,1.68,2.17,-0.25,1.84,2.06,1.8,2.07,1.84,2.07,1.8,2.01,2.15,3.6,3.25,2.23,3.56,3.35,2.23,3.75,3.41,2.12,3.58,3.33,1.73,2.1,1.81,2.08,1.82,2.18,1.74,2.1,-0.25,1.9,2.0,1.93,1.99,1.93,2.06,1.84,2.02
F1,2025-05-10,Rennes,Nice,2,0,H,1,0,H,3.6,3.8,1.95,3.63,3.73,1.97,3.8,3.94,2.05,3.57,3.71,1.98,1.73,2.1,1.69,2.19,1.78,2.24,1.7,2.14,0.5,1.89,2.01,1.88,1.99,1.9,2.02,1.86,1.98,3.1,3.7,2.15,3.23,3.92,2.16,3.25,3.94,2.21,3.16,3.77,2.13,1.5,2.63,1.53,2.62,1.64,2.63,1.54,2.49,0.25,2.0,1.9,2.03,1.9,2.04,1.9,1.99,1.83
F1,2025-05-10,Toulouse,Lens,1,1,D,0,0,D,2.25,3.5,3.1,2.27,3.48,3.1,2.35,3.65,3.2,2.26,3.5,3.06,1.84,2.06,1.8,2.03,1.87,2.08,1.8,2.01,-0.25,2.01,1.89,1.99,1.88,2.05,1.89,1.96,1.86,2.2,3.5,3.2,2.3,3.56,3.21,2.3,3.6,3.31,2.24,3.49,3.15,1.86,2.04,1.81,2.08,1.9,2.09,1.8,2.03,-0.25,1.95,1.95,1.99,1.93,1.99,1.97,1.94,1.91
F1,2025-05-17,Lens,Monaco,4,0,H,1,0,H,3.9,4.1,1.83,4.01,3.91,1.83,4.17,4.12,1.88,3.93,3.95,1.83,1.5,2.63,1.5,2.6,1.52,2.63,1.49,2.56,0.5,2.03,1.83,2.04,1.84,2.04,1.88,2.0,1.83,2.63,3.8,2.4,2.7,3.88,2.5,2.7,3.92,2.5,2.65,3.79,2.45,1.44,2.75,1.43,2.94,1.45,3.0,1.42,2.84,0.0,2.0,1.85,2.04,1.88,2.04,1.91,2.01,1.86
F1,2025-05-17,Lille,Reims,2,1,H,1,0,H,1.38,4.75,8.5,1.38,4.88,7.69,1.43,5.06,8.5,1.38,4.84,7.91,1.67,2.2,1.71,2.15,1.78,2.21,1.71,2.14,-1.25,1.88,1.98,1.88,1.99,1.9,2.0,1.86,1.95,1.33,5.0,9.5,1.38,5.17,8.97,1.4,5.17,9.5,1.36,4.96,8.74,1.73,2.1,1.74,2.18,1.82,2.25,1.72,2.14,-1.5,2.03,1.78,2.1,1.81,2.1,1.84,2.05,1.79
F1,2025-05-17,Lyon,Angers,2,0,H,0,0,D,1.29,6.0,9.0,1.26,6.24,8.93,1.3,6.49,11.0,1.27,6.08,9.44,1.4,3.0,1.38,2.95,1.4,3.05,1.38,2.91,-1.5,1.78,2.03,1.75,2.08,1.83,2.14,1.76,2.07,1.17,8.0,13.0,1.18,8.08,15.63,1.18,8.68,15.63,1.17,8.02,14.31,1.25,4.0,1.25,4.07,1.27,4.07,1.25,3.9,-2.25,1.95,1.9,1.99,1.92,2.0,1.93,1.96,1.89
F1,2025-05-17,Marseille,Rennes,4,2,H,3,1,H,1.75,3.9,4.2,1.76,4.03,4.2,1.86,4.23,4.2,1.78,4.04,4.05,1.5,2.63,1.5,2.61,1.52,2.65,1.48,2.57,-0.75,2.0,1.85,1.99,1.88,2.04,1.88,1.97,1.84,1.57,4.33,5.0,1.6,4.54,5.41,1.63,4.65,5.44,1.6,4.45,5.0,1.44,2.75,1.46,2.83,1.48,2.9,1.43,2.79,-1.0,1.93,1.93,1.96,1.96,2.02,1.97,1.95,1.89
F1,2025-05-17,Nantes,Montpellier,3,0,H,2,0,H,1.53,4.5,5.5,1.52,4.34,6.01,1.54,4.6,6.05,1.52,4.36,5.85,1.73,2.1,1.73,2.13,1.8,2.18,1.72,2.12,-1.0,1.88,1.98,1.88,1.99,1.93,1.99,1.86,1.96,1.53,4.33,5.75,1.57,4.13,6.55,1.59,4.45,6.55,1.55,4.18,6.02,1.83,2.03,1.85,2.07,1.9,2.07,1.82,2.0,-1.0,1.9,1.95,1.96,1.96,1.96,2.01,1.92,1.93
F1,2025-05-17,Nice,Brest,6,0,H,3,0,H,1.48,4.5,6.5,1.46,4.84,6.0,1.53,5.0,6.75,1.47,4.76,6.09,1.5,2.63,1.49,2.62,1.51,2.65,1.48,2.56,-1.25,2.03,1.83,2.03,1.85,2.05,1.85,1.99,1.83,1.5,4.5,6.0,1.51,4.83,6.12,1.54,4.9,6.25,1.51,4.65,5.78,1.44,2.75,1.5,2.71,1.5,2.84,1.47,2.68,-1.0,1.8,2.05,1.8,2.11,1.83,2.11,1.8,2.05
F1,2025-05-17,Paris SG,Auxerre,3,1,H,0,1,A,1.2,7.0,13.0,1.18,7.94,11.32,1.21,8.4,14.5,1.19,7.64,12.27,1.29,3.75,1.27,3.67,1.36,3.85,1.27,3.58,-2.0,1.78,2.03,1.83,2.04,1.85,2.04,1.81,2.0,1.1,9.5,19.0,1.13,9.95,19.33,1.14,10.76,22.2,1.12,9.72,18.62,1.22,4.33,1.23,4.37,1.24,4.5,1.22,4.22,-2.5,1.83,2.03,2.0,1.91,2.0,2.03,1.9,1.94
F1,2025-05-17,St Etienne,Toulouse,2,3,A,1,2,A,1.95,4.2,3.25,1.99,4.09,3.28,2.7,4.43,3.34,2.03,4.06,3.18,1.53,2.5,1.51,2.58,1.55,2.63,1.5,2.51,-0.5,2.0,1.85,2.01,1.86,2.6,1.89,2.06,1.81,2.35,3.75,2.7,2.46,3.79,2.79,2.46,3.91,3.01,2.32,3.76,2.84,1.57,2.38,1.61,2.41,1.61,2.48,1.58,2.38,-0.25,2.05,1.8,2.14,1.78,2.14,1.87,2.03,1.81
F1,2025-05-17,Strasbourg,Le Havre,2,3,A,1,1,D,1.57,4.75,5.0,1.57,4.8,4.72,1.6,4.9,5.41,1.56,4.65,5.04,1.5,2.63,1.47,2.6,1.54,2.65,1.48,2.56,-1.0,1.9,1.95,1.92,1.95,1.95,1.96,1.9,1.93,1.53,5.0,5.0,1.54,5.01,5.51,1.57,5.1,6.0,1.52,4.85,5.34,1.4,3.0,1.41,3.03,1.43,3.03,1.41,2.89,-1.0,1.83,2.03,1.84,2.1,1.9,2.11,1.82,2.03
